,GRID_TYPE,GAME_ID,GAME_EVENT_ID,PLAYER_ID,PLAYER_NAME,TEAM_ID,TEAM_NAME,PERIOD,MINUTES_REMAINING,SECONDS_REMAINING,EVENT_TYPE,ACTION_TYPE,SHOT_TYPE,SHOT_ZONE_BASIC,SHOT_ZONE_AREA,SHOT_ZONE_RANGE,SHOT_DISTANCE,LOC_X,LOC_Y,SHOT_ATTEMPTED_FLAG,SHOT_MADE_FLAG,GAME_DATE,HTM,VTM,NEW_X,NEW_Y
1039,Shot Chart Detail,0021700014,16,202685,Jonas Valanciunas,1610612761,Toronto Raptors,1,10,26,Made Shot,Driving Layup Shot,2PT Field Goal,Restricted Area,Center(C),Less Than 8 ft.,3,-35,4,1,1,20171019,TOR,CHI,217.3094010767585,-5.378221735089294
1040,Shot Chart Detail,0021700014,20,202685,Jonas Valanciunas,1610612761,Toronto Raptors,1,9,52,Made Shot,Jump Shot,2PT Field Goal,Mid-Range,Left Side Center(LC),16-24 ft.,17,-56,170,1,1,20171019,TOR,CHI,292.14954576223636,154.99484522385714
1042,Shot Chart Detail,0021700014,25,202685,Jonas Valanciunas,1610612761,Toronto Raptors,1,9,22,Made Shot,Tip Layup Shot,2PT Field Goal,Restricted Area,Center(C),Less Than 8 ft.,0,0,-6,1,1,20171019,TOR,CHI,246.53589838486224,-6.0
1067,Shot Chart Detail,0021700014,278,202685,Jonas Valanciunas,1610612761,Toronto Raptors,2,2,44,Made Shot,Dunk Shot,2PT Field Goal,Restricted Area,Center(C),Less Than 8 ft.,1,3,12,1,1,20171019,TOR,CHI,259.9282032302755,12.803847577293368
1074,Shot Chart Detail,0021700014,326,202685,Jonas Valanciunas,1610612761,Toronto Raptors,3,10,20,Made Shot,Driving Hook Shot,2PT Field Goal,In The Paint (Non-RA),Center(C),Less Than 8 ft.,4,12,48,1,1,20171019,TOR,CHI,289.71281292110206,51.21539030917347
1078,Shot Chart Detail,0021700014,379,202685,Jonas Valanciunas,1610612761,Toronto Raptors,3,6,32,Made Shot,Putback Layup Shot,2PT Field Goal,Restricted Area,Center(C),Less Than 8 ft.,0,0,-6,1,1,20171019,TOR,CHI,246.53589838486224,-6.0
1106,Shot Chart Detail,0021700014,589,202685,Jonas Valanciunas,1610612761,Toronto Raptors,4,3,49,Made Shot,Cutting Dunk Shot,2PT Field Goal,Restricted Area,Center(C),Less Than 8 ft.,0,-6,5,1,1,20171019,TOR,CHI,246.88675134594814,3.392304845413264
1109,Shot Chart Detail,0021700014,606,202685,Jonas Valanciunas,1610612761,Toronto Raptors,4,2,13,Made Shot,Turnaround Bank Hook Shot,2PT Field Goal,Restricted Area,Center(C),Less Than 8 ft.,0,5,6,1,1,20171019,TOR,CHI,258.46410161513774,7.339745962155614
1112,Shot Chart Detail,0021700014,635,202685,Jonas Valanciunas,1610612761,Toronto Raptors,4,0,31,Made Shot,Driving Finger Roll Layup Shot,2PT Field Goal,Restricted Area,Center(C),Less Than 8 ft.,1,2,19,1,1,20171019,TOR,CHI,262.9696551146029,19.535898384862247
2075,Shot Chart Detail,0021700027,36,202685,Jonas Valanciunas,1610612761,Toronto Raptors,1,9,5,Made Shot,Jump Shot,2PT Field Goal,In The Paint (Non-RA),Center(C),Less Than 8 ft.,4,-39,26,1,1,20171021,TOR,PHI,226.01110699893027,15.549981495186215
2078,Shot Chart Detail,0021700027,54,202685,Jonas Valanciunas,1610612761,Toronto Raptors,1,7,35,Made Shot,Alley Oop Dunk Shot,2PT Field Goal,Restricted Area,Center(C),Less Than 8 ft.,0,5,8,1,1,20171021,TOR,PHI,259.618802153517,9.339745962155614
8779,Shot Chart Detail,0021700114,32,202685,Jonas Valanciunas,1610612761,Toronto Raptors,1,8,52,Made Shot,Dunk Shot,2PT Field Goal,Restricted Area,Center(C),Less Than 8 ft.,2,5,29,1,1,20171101,DEN,TOR,271.74315780649914,30.339745962155614
8798,Shot Chart Detail,0021700114,203,202685,Jonas Valanciunas,1610612761,Toronto Raptors,2,9,7,Made Shot,Hook Shot,2PT Field Goal,Restricted Area,Center(C),Less Than 8 ft.,3,-3,35,1,1,20171101,DEN,TOR,267.2072594216369,34.19615242270663
8799,Shot Chart Detail,0021700114,212,202685,Jonas Valanciunas,1610612761,Toronto Raptors,2,8,17,Made Shot,Layup Shot,2PT Field Goal,Restricted Area,Center(C),Less Than 8 ft.,3,2,32,1,1,20171101,DEN,TOR,270.47520861406804,32.53589838486224
8802,Shot Chart Detail,0021700114,225,202685,Jonas Valanciunas,1610612761,Toronto Raptors,2,7,17,Made Shot,Putback Layup Shot,2PT Field Goal,In The Paint (Non-RA),Center(C),Less Than 8 ft.,4,36,21,1,1,20171101,DEN,TOR,298.12435565298216,30.646170927520416
9875,Shot Chart Detail,0021700128,7,202685,Jonas Valanciunas,1610612761,Toronto Raptors,1,11,44,Made Shot,Hook Shot,2PT Field Goal,In The Paint (Non-RA),Center(C),Less Than 8 ft.,7,-13,72,1,1,20171103,UTA,TOR,278.56921938165306,68.51666049839541
9946,Shot Chart Detail,0021700128,617,202685,Jonas Valanciunas,1610612761,Toronto Raptors,4,2,16,Made Shot,Cutting Dunk Shot,2PT Field Goal,Restricted Area,Center(C),Less Than 8 ft.,1,16,10,1,1,20171103,UTA,TOR,271.7735026918963,14.287187078897963
10733,Shot Chart Detail,0021700139,26,202685,Jonas Valanciunas,1610612761,Toronto Raptors,1,9,48,Made Shot,Hook Shot,2PT Field Goal,Restricted Area,Center(C),Less Than 8 ft.,2,18,10,1,1,20171105,TOR,WAS,273.7735026918963,14.823085463760208
10736,Shot Chart Detail,0021700139,50,202685,Jonas Valanciunas,1610612761,Toronto Raptors,1,7,54,Made Shot,Driving Dunk Shot,2PT Field Goal,Restricted Area,Center(C),Less Than 8 ft.,2,25,-5,1,1,20171105,TOR,WAS,272.11324865405186,1.698729810778067
10774,Shot Chart Detail,0021700139,387,202685,Jonas Valanciunas,1610612761,Toronto Raptors,3,8,34,Made Shot,Cutting Layup Shot,2PT Field Goal,Restricted Area,Center(C),Less Than 8 ft.,0,-3,3,1,1,20171105,TOR,WAS,248.73205080756887,2.196152422706632
11832,Shot Chart Detail,0021700153,12,202685,Jonas Valanciunas,1610612761,Toronto Raptors,1,11,12,Made Shot,Turnaround Fadeaway shot,2PT Field Goal,Mid-Range,Left Side(L),8-16 ft.,10,-101,11,1,1,20171107,TOR,CHI,155.35085296108588,-16.062868435543393
11838,Shot Chart Detail,0021700153,59,202685,Jonas Valanciunas,1610612761,Toronto Raptors,1,6,14,Made Shot,Cutting Dunk Shot,2PT Field Goal,Restricted Area,Center(C),Less Than 8 ft.,2,5,20,1,1,20171107,TOR,CHI,266.5470053837925,21.339745962155614
11840,Shot Chart Detail,0021700153,71,202685,Jonas Valanciunas,1610612761,Toronto Raptors,1,5,41,Made Shot,Putback Layup Shot,2PT Field Goal,Restricted Area,Center(C),Less Than 8 ft.,1,-2,12,1,1,20171107,TOR,CHI,254.9282032302755,11.464101615137755
11844,Shot Chart Detail,0021700153,89,202685,Jonas Valanciunas,1610612761,Toronto Raptors,1,4,8,Made Shot,Step Back Jump shot,3PT Field Goal,Above the Break 3,Right Side Center(RC),24+ ft.,26,152,215,1,1,20171107,TOR,CHI,526.1303078757695,255.72827724953066
11871,Shot Chart Detail,0021700153,286,202685,Jonas Valanciunas,1610612761,Toronto Raptors,2,0,59,Made Shot,Layup Shot,2PT Field Goal,Restricted Area,Center(C),Less Than 8 ft.,2,0,27,1,1,20171107,TOR,CHI,265.5884572681199,27.0
11879,Shot Chart Detail,0021700153,334,202685,Jonas Valanciunas,1610612761,Toronto Raptors,3,8,11,Made Shot,Fadeaway Jump Shot,2PT Field Goal,Mid-Range,Left Side(L),8-16 ft.,9,-95,4,1,1,20171107,TOR,CHI,157.3094010767585,-21.455173280956657
12769,Shot Chart Detail,0021700165,7,202685,Jonas Valanciunas,1610612761,Toronto Raptors,1,11,44,Made Shot,Driving Dunk Shot,2PT Field Goal,Restricted Area,Center(C),Less Than 8 ft.,2,-12,16,1,1,20171109,TOR,NOP,247.23760430703402,12.784609690826528
12812,Shot Chart Detail,0021700165,316,202685,Jonas Valanciunas,1610612761,Toronto Raptors,2,1,40,Made Shot,Layup Shot,2PT Field Goal,Restricted Area,Center(C),Less Than 8 ft.,1,15,2,1,1,20171109,TOR,NOP,266.15470053837925,6.019237886466841
12814,Shot Chart Detail,0021700165,328,202685,Jonas Valanciunas,1610612761,Toronto Raptors,2,1,2,Made Shot,Dunk Shot,2PT Field Goal,Restricted Area,Center(C),Less Than 8 ft.,0,0,5,1,1,20171109,TOR,NOP,252.88675134594814,5.0
14605,Shot Chart Detail,0021700188,357,202685,Jonas Valanciunas,1610612761,Toronto Raptors,3,10,4,Made Shot,Driving Layup Shot,2PT Field Goal,Restricted Area,Center(C),Less Than 8 ft.,1,-14,-11,1,1,20171112,BOS,TOR,229.64914703891412,-14.751288694035718
14610,Shot Chart Detail,0021700188,372,202685,Jonas Valanciunas,1610612761,Toronto Raptors,3,8,17,Made Shot,Cutting Layup Shot,2PT Field Goal,Restricted Area,Center(C),Less Than 8 ft.,0,5,4,1,1,20171112,BOS,TOR,257.3094010767585,5.339745962155614
14612,Shot Chart Detail,0021700188,383,202685,Jonas Valanciunas,1610612761,Toronto Raptors,3,7,16,Made Shot,Turnaround Fadeaway Bank Jump Shot,2PT Field Goal,Mid-Range,Right Side(R),8-16 ft.,13,124,43,1,1,20171112,BOS,TOR,398.8260615751539,76.22569986145922
15633,Shot Chart Detail,0021700202,41,202685,Jonas Valanciunas,1610612761,Toronto Raptors,1,8,54,Made Shot,Cutting Dunk Shot,2PT Field Goal,Restricted Area,Center(C),Less Than 8 ft.,1,-6,-8,1,1,20171114,HOU,TOR,239.381197846483,-9.607695154586736
15637,Shot Chart Detail,0021700202,64,202685,Jonas Valanciunas,1610612761,Toronto Raptors,1,6,47,Made Shot,Cutting Layup Shot,2PT Field Goal,Restricted Area,Center(C),Less Than 8 ft.,1,13,4,1,1,20171114,HOU,TOR,265.3094010767585,7.483339501604595
15673,Shot Chart Detail,0021700202,375,202685,Jonas Valanciunas,1610612761,Toronto Raptors,3,11,7,Made Shot,Turnaround Jump Shot,2PT Field Goal,In The Paint (Non-RA),Left Side(L),8-16 ft.,9,-55,73,1,1,20171114,HOU,TOR,237.14656965084268,58.26279441628825
15676,Shot Chart Detail,0021700202,393,202685,Jonas Valanciunas,1610612761,Toronto Raptors,3,9,11,Made Shot,Cutting Dunk Shot,2PT Field Goal,Restricted Area,Center(C),Less Than 8 ft.,0,-2,7,1,1,20171114,HOU,TOR,252.0414518843274,6.464101615137754
15677,Shot Chart Detail,0021700202,405,202685,Jonas Valanciunas,1610612761,Toronto Raptors,3,8,15,Made Shot,Tip Layup Shot,2PT Field Goal,Restricted Area,Center(C),Less Than 8 ft.,0,0,-6,1,1,20171114,HOU,TOR,246.53589838486224,-6.0
16301,Shot Chart Detail,0021700211,37,202685,Jonas Valanciunas,1610612761,Toronto Raptors,1,9,9,Made Shot,Layup Shot,2PT Field Goal,Restricted Area,Center(C),Less Than 8 ft.,2,-5,20,1,1,20171115,NOP,TOR,256.5470053837925,18.660254037844386
16341,Shot Chart Detail,0021700211,274,202685,Jonas Valanciunas,1610612761,Toronto Raptors,2,3,23,Made Shot,Jump Shot,2PT Field Goal,Mid-Range,Left Side Center(LC),16-24 ft.,17,-62,161,1,1,20171115,NOP,TOR,280.9533933395297,144.3871500692704
16347,Shot Chart Detail,0021700211,317,202685,Jonas Valanciunas,1610612761,Toronto Raptors,3,11,48,Made Shot,Hook Shot,2PT Field Goal,In The Paint (Non-RA),Center(C),Less Than 8 ft.,4,-23,42,1,1,20171115,NOP,TOR,251.2487113059643,35.837168574084174
16349,Shot Chart Detail,0021700211,324,202685,Jonas Valanciunas,1610612761,Toronto Raptors,3,10,39,Made Shot,Jump Shot,2PT Field Goal,Mid-Range,Right Side Center(RC),16-24 ft.,18,103,158,1,1,20171115,NOP,TOR,444.2213425319609,185.59876682040564
16358,Shot Chart Detail,0021700211,369,202685,Jonas Valanciunas,1610612761,Toronto Raptors,3,6,39,Made Shot,Driving Dunk Shot,2PT Field Goal,Restricted Area,Center(C),Less Than 8 ft.,1,-13,2,1,1,20171115,NOP,TOR,238.15470053837925,-1.4833395016045952
16379,Shot Chart Detail,0021700211,542,202685,Jonas Valanciunas,1610612761,Toronto Raptors,4,5,57,Made Shot,Tip Layup Shot,2PT Field Goal,Restricted Area,Center(C),Less Than 8 ft.,0,0,-6,1,1,20171115,NOP,TOR,246.53589838486224,-6.0
17095,Shot Chart Detail,0021700221,308,202685,Jonas Valanciunas,1610612761,Toronto Raptors,3,10,57,Made Shot,Cutting Layup Shot,2PT Field Goal,Restricted Area,Center(C),Less Than 8 ft.,1,-11,4,1,1,20171117,TOR,NYK,241.3094010767585,1.0525588832576505
17101,Shot Chart Detail,0021700221,327,202685,Jonas Valanciunas,1610612761,Toronto Raptors,3,8,32,Made Shot,Driving Layup Shot,2PT Field Goal,Restricted Area,Center(C),Less Than 8 ft.,1,12,13,1,1,20171117,TOR,NYK,269.5055534994651,16.215390309173472
18329,Shot Chart Detail,0021700237,69,202685,Jonas Valanciunas,1610612761,Toronto Raptors,1,6,0,Made Shot,Hook Shot,2PT Field Goal,Restricted Area,Center(C),Less Than 8 ft.,1,2,12,1,1,20171119,TOR,WAS,258.9282032302755,12.535898384862245
18368,Shot Chart Detail,0021700237,332,202685,Jonas Valanciunas,1610612761,Toronto Raptors,3,10,36,Made Shot,Floating Jump shot,2PT Field Goal,Restricted Area,Center(C),Less Than 8 ft.,3,6,31,1,1,20171119,TOR,WAS,273.8978583448784,32.607695154586736
19948,Shot Chart Detail,0021700258,7,202685,Jonas Valanciunas,1610612761,Toronto Raptors,1,11,42,Made Shot,Turnaround Jump Shot,2PT Field Goal,In The Paint (Non-RA),Left Side(L),8-16 ft.,8,-76,38,1,1,20171122,NYK,TOR,195.93931022920577,17.635861375234676
19953,Shot Chart Detail,0021700258,37,202685,Jonas Valanciunas,1610612761,Toronto Raptors,1,9,17,Made Shot,Tip Layup Shot,2PT Field Goal,Restricted Area,Center(C),Less Than 8 ft.,0,0,-6,1,1,20171122,NYK,TOR,246.53589838486224,-6.0
19961,Shot Chart Detail,0021700258,76,202685,Jonas Valanciunas,1610612761,Toronto Raptors,1,5,7,Made Shot,Turnaround Hook Shot,2PT Field Goal,Restricted Area,Center(C),Less Than 8 ft.,3,-2,34,1,1,20171122,NYK,TOR,267.6299091524473,33.46410161513776
19989,Shot Chart Detail,0021700258,277,202685,Jonas Valanciunas,1610612761,Toronto Raptors,2,2,2,Made Shot,Driving Layup Shot,2PT Field Goal,Restricted Area,Center(C),Less Than 8 ft.,2,19,20,1,1,20171122,NYK,TOR,280.5470053837925,25.091034656191333
21050,Shot Chart Detail,0021700271,447,202685,Jonas Valanciunas,1610612761,Toronto Raptors,3,2,10,Made Shot,Layup Shot,2PT Field Goal,Restricted Area,Center(C),Less Than 8 ft.,0,-1,7,1,1,20171124,IND,TOR,253.0414518843274,6.732050807568878
21052,Shot Chart Detail,0021700271,460,202685,Jonas Valanciunas,1610612761,Toronto Raptors,3,1,10,Made Shot,Putback Layup Shot,2PT Field Goal,Restricted Area,Center(C),Less Than 8 ft.,0,-2,2,1,1,20171124,IND,TOR,249.15470053837925,1.4641016151377546
21713,Shot Chart Detail,0021700280,20,202685,Jonas Valanciunas,1610612761,Toronto Raptors,1,10,7,Made Shot,Floating Jump shot,2PT Field Goal,In The Paint (Non-RA),Center(C),8-16 ft.,11,-11,112,1,1,20171125,ATL,TOR,303.6632301492381,109.05255888325765
21714,Shot Chart Detail,0021700280,26,202685,Jonas Valanciunas,1610612761,Toronto Raptors,1,9,30,Made Shot,Driving Layup Shot,2PT Field Goal,Restricted Area,Center(C),Less Than 8 ft.,1,-13,13,1,1,20171125,ATL,TOR,244.50555349946512,9.516660498395405
21754,Shot Chart Detail,0021700280,334,202685,Jonas Valanciunas,1610612761,Toronto Raptors,3,11,12,Made Shot,Dunk Shot,2PT Field Goal,Restricted Area,Center(C),Less Than 8 ft.,2,3,20,1,1,20171125,ATL,TOR,264.5470053837925,20.803847577293368
21755,Shot Chart Detail,0021700280,338,202685,Jonas Valanciunas,1610612761,Toronto Raptors,3,10,42,Made Shot,Layup Shot,2PT Field Goal,Restricted Area,Center(C),Less Than 8 ft.,0,6,5,1,1,20171125,ATL,TOR,258.88675134594814,6.607695154586736
21763,Shot Chart Detail,0021700280,402,202685,Jonas Valanciunas,1610612761,Toronto Raptors,3,4,33,Made Shot,Reverse Layup Shot,2PT Field Goal,Restricted Area,Center(C),Less Than 8 ft.,1,3,13,1,1,20171125,ATL,TOR,260.5055534994651,13.803847577293368
21767,Shot Chart Detail,0021700280,419,202685,Jonas Valanciunas,1610612761,Toronto Raptors,3,3,11,Made Shot,Floating Jump shot,2PT Field Goal,In The Paint (Non-RA),Center(C),8-16 ft.,10,8,105,1,1,20171125,ATL,TOR,318.6217782649107,107.14359353944899
21770,Shot Chart Detail,0021700280,440,202685,Jonas Valanciunas,1610612761,Toronto Raptors,3,1,35,Made Shot,Putback Layup Shot,2PT Field Goal,Restricted Area,Center(C),Less Than 8 ft.,1,-5,13,1,1,20171125,ATL,TOR,252.50555349946512,11.660254037844386
23818,Shot Chart Detail,0021700307,33,202685,Jonas Valanciunas,1610612761,Toronto Raptors,1,9,15,Made Shot,Tip Layup Shot,2PT Field Goal,Restricted Area,Center(C),Less Than 8 ft.,0,0,-6,1,1,20171129,TOR,CHA,246.53589838486224,-6.0
23826,Shot Chart Detail,0021700307,81,202685,Jonas Valanciunas,1610612761,Toronto Raptors,1,4,6,Made Shot,Jump Bank Shot,2PT Field Goal,In The Paint (Non-RA),Center(C),Less Than 8 ft.,6,-50,38,1,1,20171129,TOR,CHA,221.93931022920577,24.602540378443866
23827,Shot Chart Detail,0021700307,88,202685,Jonas Valanciunas,1610612761,Toronto Raptors,1,3,18,Made Shot,Jump Bank Shot,2PT Field Goal,In The Paint (Non-RA),Center(C),Less Than 8 ft.,5,-47,36,1,1,20171129,TOR,CHA,223.78460969082653,23.406387955737234
23846,Shot Chart Detail,0021700307,228,202685,Jonas Valanciunas,1610612761,Toronto Raptors,2,6,40,Made Shot,Turnaround Hook Shot,2PT Field Goal,Restricted Area,Center(C),Less Than 8 ft.,2,19,13,1,1,20171129,TOR,CHA,276.5055534994651,18.091034656191333
23862,Shot Chart Detail,0021700307,359,202685,Jonas Valanciunas,1610612761,Toronto Raptors,3,9,7,Made Shot,Jump Shot,2PT Field Goal,Restricted Area,Center(C),Less Than 8 ft.,1,6,15,1,1,20171129,TOR,CHA,264.66025403784437,16.607695154586736
23899,Shot Chart Detail,0021700307,616,202685,Jonas Valanciunas,1610612761,Toronto Raptors,4,0,56,Made Shot,Putback Layup Shot,2PT Field Goal,Restricted Area,Center(C),Less Than 8 ft.,1,14,10,1,1,20171129,TOR,CHA,269.7735026918963,13.751288694035718
24830,Shot Chart Detail,0021700319,40,202685,Jonas Valanciunas,1610612761,Toronto Raptors,1,8,20,Made Shot,Driving Bank Hook Shot,2PT Field Goal,Restricted Area,Center(C),Less Than 8 ft.,3,29,21,1,1,20171201,TOR,IND,291.12435565298216,28.77052658050256
24862,Shot Chart Detail,0021700319,248,202685,Jonas Valanciunas,1610612761,Toronto Raptors,2,4,5,Made Shot,Turnaround Fadeaway Bank Jump Shot,2PT Field Goal,Restricted Area,Center(C),Less Than 8 ft.,3,-35,11,1,1,20171201,TOR,IND,221.35085296108588,1.6217782649107058
24870,Shot Chart Detail,0021700319,295,202685,Jonas Valanciunas,1610612761,Toronto Raptors,2,0,42,Made Shot,Driving Layup Shot,2PT Field Goal,Restricted Area,Center(C),Less Than 8 ft.,2,26,12,1,1,20171201,TOR,IND,282.9282032302755,18.96667900320919
24878,Shot Chart Detail,0021700319,340,202685,Jonas Valanciunas,1610612761,Toronto Raptors,3,8,57,Made Shot,Alley Oop Dunk Shot,2PT Field Goal,Restricted Area,Center(C),Less Than 8 ft.,0,2,-1,1,1,20171201,TOR,IND,251.42264973081038,-0.4641016151377546
24882,Shot Chart Detail,0021700319,349,202685,Jonas Valanciunas,1610612761,Toronto Raptors,3,7,42,Made Shot,Turnaround Fadeaway shot,2PT Field Goal,In The Paint (Non-RA),Center(C),Less Than 8 ft.,7,-68,30,1,1,20171201,TOR,IND,199.32050807568876,11.779454914683658
24887,Shot Chart Detail,0021700319,373,202685,Jonas Valanciunas,1610612761,Toronto Raptors,3,5,30,Made Shot,Tip Layup Shot,2PT Field Goal,Restricted Area,Center(C),Less Than 8 ft.,0,0,-6,1,1,20171201,TOR,IND,246.53589838486224,-6.0
28873,Shot Chart Detail,0021700371,28,202685,Jonas Valanciunas,1610612761,Toronto Raptors,1,9,43,Made Shot,Cutting Layup Shot,2PT Field Goal,In The Paint (Non-RA),Center(C),Less Than 8 ft.,4,-7,43,1,1,20171208,MEM,TOR,267.8260615751539,41.12435565298214
28905,Shot Chart Detail,0021700371,268,202685,Jonas Valanciunas,1610612761,Toronto Raptors,2,4,57,Made Shot,Tip Layup Shot,2PT Field Goal,Restricted Area,Center(C),Less Than 8 ft.,0,0,-6,1,1,20171208,MEM,TOR,246.53589838486224,-6.0
28927,Shot Chart Detail,0021700371,389,202685,Jonas Valanciunas,1610612761,Toronto Raptors,3,6,5,Made Shot,Turnaround Hook Shot,2PT Field Goal,Restricted Area,Center(C),Less Than 8 ft.,1,6,13,1,1,20171208,MEM,TOR,263.5055534994651,14.607695154586736
30010,Shot Chart Detail,0021700385,237,202685,Jonas Valanciunas,1610612761,Toronto Raptors,2,5,3,Made Shot,Layup Shot,2PT Field Goal,Restricted Area,Center(C),Less Than 8 ft.,1,14,5,1,1,20171210,SAC,TOR,266.88675134594814,8.751288694035718
30012,Shot Chart Detail,0021700385,243,202685,Jonas Valanciunas,1610612761,Toronto Raptors,2,4,19,Made Shot,Jump Shot,3PT Field Goal,Above the Break 3,Right Side Center(RC),24+ ft.,25,184,176,1,1,20171210,SAC,TOR,535.6136473773741,225.30265140732658
30016,Shot Chart Detail,0021700385,282,202685,Jonas Valanciunas,1610612761,Toronto Raptors,2,1,49,Made Shot,Hook Shot,2PT Field Goal,In The Paint (Non-RA),Center(C),Less Than 8 ft.,6,-56,26,1,1,20171210,SAC,TOR,209.01110699893027,10.99484522385713
30840,Shot Chart Detail,0021700396,17,202685,Jonas Valanciunas,1610612761,Toronto Raptors,1,10,31,Made Shot,Layup Shot,2PT Field Goal,Restricted Area,Center(C),Less Than 8 ft.,1,-14,2,1,1,20171211,LAC,TOR,237.15470053837925,-1.7512886940357175
30841,Shot Chart Detail,0021700396,34,202685,Jonas Valanciunas,1610612761,Toronto Raptors,1,8,57,Made Shot,Turnaround Fadeaway shot,2PT Field Goal,Mid-Range,Left Side(L),8-16 ft.,15,-157,-5,1,1,20171211,LAC,TOR,90.11324865405187,-47.06802321168626
30844,Shot Chart Detail,0021700396,57,202685,Jonas Valanciunas,1610612761,Toronto Raptors,1,6,51,Made Shot,Jump Shot,2PT Field Goal,In The Paint (Non-RA),Center(C),8-16 ft.,9,-2,96,1,1,20171211,LAC,TOR,303.42562584220406,95.46410161513775
30846,Shot Chart Detail,0021700396,72,202685,Jonas Valanciunas,1610612761,Toronto Raptors,1,5,39,Made Shot,Jump Shot,2PT Field Goal,Mid-Range,Left Side Center(LC),16-24 ft.,16,-131,97,1,1,20171211,LAC,TOR,175.0029761113937,61.89865579152293
30871,Shot Chart Detail,0021700396,276,202685,Jonas Valanciunas,1610612761,Toronto Raptors,2,2,43,Made Shot,Jump Shot,3PT Field Goal,Above the Break 3,Left Side Center(LC),24+ ft.,26,-96,242,1,1,20171211,LAC,TOR,293.7187651438894,216.27687752661222
30872,Shot Chart Detail,0021700396,282,202685,Jonas Valanciunas,1610612761,Toronto Raptors,2,2,12,Made Shot,Hook Shot,2PT Field Goal,In The Paint (Non-RA),Center(C),Less Than 8 ft.,5,-23,49,1,1,20171211,LAC,TOR,255.29016319029165,42.837168574084174
30894,Shot Chart Detail,0021700396,554,202685,Jonas Valanciunas,1610612761,Toronto Raptors,4,7,41,Made Shot,Putback Layup Shot,2PT Field Goal,Restricted Area,Center(C),Less Than 8 ft.,1,6,19,1,1,20171211,LAC,TOR,266.9696551146029,20.607695154586736
30895,Shot Chart Detail,0021700396,576,202685,Jonas Valanciunas,1610612761,Toronto Raptors,4,6,13,Made Shot,Turnaround Hook Shot,2PT Field Goal,In The Paint (Non-RA),Center(C),8-16 ft.,8,19,83,1,1,20171211,LAC,TOR,316.92007234273893,88.09103465619133
32017,Shot Chart Detail,0021700411,37,202685,Jonas Valanciunas,1610612761,Toronto Raptors,1,7,59,Made Shot,Layup Shot,2PT Field Goal,Restricted Area,Center(C),Less Than 8 ft.,0,-5,8,1,1,20171213,PHX,TOR,249.618802153517,6.660254037844386
32019,Shot Chart Detail,0021700411,56,202685,Jonas Valanciunas,1610612761,Toronto Raptors,1,6,46,Made Shot,Hook Shot,2PT Field Goal,In The Paint (Non-RA),Right Side(R),8-16 ft.,9,61,71,1,1,20171213,PHX,TOR,351.9918691124634,87.34490073829849
32021,Shot Chart Detail,0021700411,66,202685,Jonas Valanciunas,1610612761,Toronto Raptors,1,5,51,Made Shot,Hook Shot,2PT Field Goal,Restricted Area,Center(C),Less Than 8 ft.,0,-6,4,1,1,20171213,PHX,TOR,246.3094010767585,2.392304845413264
32024,Shot Chart Detail,0021700411,93,202685,Jonas Valanciunas,1610612761,Toronto Raptors,1,4,37,Made Shot,Jump Shot,3PT Field Goal,Above the Break 3,Left Side Center(LC),24+ ft.,24,-134,209,1,1,20171213,PHX,TOR,236.66620626063178,173.09480821422954
32045,Shot Chart Detail,0021700411,270,202685,Jonas Valanciunas,1610612761,Toronto Raptors,2,3,21,Made Shot,Turnaround Jump Shot,2PT Field Goal,Restricted Area,Center(C),Less Than 8 ft.,2,2,26,1,1,20171213,PHX,TOR,267.01110699893025,26.535898384862247
32046,Shot Chart Detail,0021700411,273,202685,Jonas Valanciunas,1610612761,Toronto Raptors,2,2,42,Made Shot,Jump Shot,2PT Field Goal,Mid-Range,Left Side(L),8-16 ft.,14,-144,25,1,1,20171213,PHX,TOR,120.43375672974065,-13.58468371008167
32083,Shot Chart Detail,0021700411,629,202685,Jonas Valanciunas,1610612761,Toronto Raptors,4,2,10,Made Shot,Cutting Layup Shot,2PT Field Goal,Restricted Area,Center(C),Less Than 8 ft.,1,3,10,1,1,20171213,PHX,TOR,258.7735026918963,10.803847577293368
33027,Shot Chart Detail,0021700424,20,202685,Jonas Valanciunas,1610612761,Toronto Raptors,1,10,10,Made Shot,Jump Shot,2PT Field Goal,Mid-Range,Center(C),16-24 ft.,20,8,205,1,1,20171215,TOR,BKN,376.3568051838733,207.14359353944897
33033,Shot Chart Detail,0021700424,43,202685,Jonas Valanciunas,1610612761,Toronto Raptors,1,7,56,Made Shot,Dunk Shot,2PT Field Goal,Restricted Area,Center(C),Less Than 8 ft.,0,-4,-4,1,1,20171215,TOR,BKN,243.6905989232415,-5.071796769724491
33059,Shot Chart Detail,0021700424,219,202685,Jonas Valanciunas,1610612761,Toronto Raptors,2,4,41,Made Shot,Turnaround Hook Shot,2PT Field Goal,Restricted Area,Center(C),Less Than 8 ft.,2,-6,25,1,1,20171215,TOR,BKN,258.43375672974065,23.392304845413264
33060,Shot Chart Detail,0021700424,223,202685,Jonas Valanciunas,1610612761,Toronto Raptors,2,4,15,Made Shot,Jump Shot,2PT Field Goal,Mid-Range,Center(C),8-16 ft.,15,13,152,1,1,20171215,TOR,BKN,350.7572409168231,155.4833395016046
33066,Shot Chart Detail,0021700424,242,202685,Jonas Valanciunas,1610612761,Toronto Raptors,2,1,18,Made Shot,Turnaround Hook Shot,2PT Field Goal,In The Paint (Non-RA),Center(C),Less Than 8 ft.,6,2,61,1,1,20171215,TOR,BKN,287.2183664205672,61.53589838486224
33077,Shot Chart Detail,0021700424,318,202685,Jonas Valanciunas,1610612761,Toronto Raptors,3,6,45,Made Shot,Turnaround Fadeaway shot,2PT Field Goal,In The Paint (Non-RA),Center(C),Less Than 8 ft.,6,-5,67,1,1,20171215,TOR,BKN,283.6824680357049,65.66025403784438
33078,Shot Chart Detail,0021700424,342,202685,Jonas Valanciunas,1610612761,Toronto Raptors,3,5,12,Made Shot,Fadeaway Jump Shot,2PT Field Goal,In The Paint (Non-RA),Center(C),Less Than 8 ft.,4,-1,43,1,1,20171215,TOR,BKN,273.8260615751539,42.732050807568875
34036,Shot Chart Detail,0021700437,82,202685,Jonas Valanciunas,1610612761,Toronto Raptors,1,5,19,Made Shot,Driving Hook Shot,2PT Field Goal,In The Paint (Non-RA),Center(C),Less Than 8 ft.,4,42,6,1,1,20171217,TOR,SAC,295.46410161513774,17.25386608210715
34073,Shot Chart Detail,0021700437,342,202685,Jonas Valanciunas,1610612761,Toronto Raptors,3,8,42,Made Shot,Tip Layup Shot,2PT Field Goal,Restricted Area,Center(C),Less Than 8 ft.,0,0,-6,1,1,20171217,TOR,SAC,246.53589838486224,-6.0
34094,Shot Chart Detail,0021700437,600,202685,Jonas Valanciunas,1610612761,Toronto Raptors,4,0,52,Made Shot,Alley Oop Dunk Shot,2PT Field Goal,Restricted Area,Center(C),Less Than 8 ft.,0,2,9,1,1,20171217,TOR,SAC,257.19615242270663,9.535898384862245
35373,Shot Chart Detail,0021700454,23,202685,Jonas Valanciunas,1610612761,Toronto Raptors,1,9,56,Made Shot,Layup Shot,2PT Field Goal,Restricted Area,Center(C),Less Than 8 ft.,2,6,24,1,1,20171220,CHA,TOR,269.856406460551,25.607695154586736
35377,Shot Chart Detail,0021700454,38,202685,Jonas Valanciunas,1610612761,Toronto Raptors,1,8,25,Made Shot,Layup Shot,2PT Field Goal,Restricted Area,Center(C),Less Than 8 ft.,1,-9,8,1,1,20171220,CHA,TOR,245.618802153517,5.588457268119896
36363,Shot Chart Detail,0021700467,67,202685,Jonas Valanciunas,1610612761,Toronto Raptors,1,6,12,Made Shot,Turnaround Fadeaway shot,2PT Field Goal,Mid-Range,Left Side(L),8-16 ft.,9,-83,43,1,1,20171221,PHI,TOR,191.82606157515391,20.760217028216815
37393,Shot Chart Detail,0021700480,241,202685,Jonas Valanciunas,1610612761,Toronto Raptors,2,6,40,Made Shot,Cutting Layup Shot,2PT Field Goal,Restricted Area,Center(C),Less Than 8 ft.,1,-13,5,1,1,20171223,TOR,PHI,239.88675134594814,1.5166604983954048
37395,Shot Chart Detail,0021700480,283,202685,Jonas Valanciunas,1610612761,Toronto Raptors,2,4,21,Made Shot,Jump Shot,2PT Field Goal,In The Paint (Non-RA),Center(C),Less Than 8 ft.,7,1,71,1,1,20171223,TOR,PHI,291.9918691124634,71.26794919243112
37399,Shot Chart Detail,0021700480,325,202685,Jonas Valanciunas,1610612761,Toronto Raptors,2,1,52,Made Shot,Hook Shot,2PT Field Goal,Restricted Area,Center(C),Less Than 8 ft.,1,17,1,1,1,20171223,TOR,PHI,267.57735026918965,5.5551362713290855
37402,Shot Chart Detail,0021700480,370,202685,Jonas Valanciunas,1610612761,Toronto Raptors,3,11,44,Made Shot,Jump Shot,2PT Field Goal,Mid-Range,Left Side(L),8-16 ft.,9,-98,16,1,1,20171223,TOR,PHI,161.23760430703402,-10.259020858250025
38860,Shot Chart Detail,0021700499,55,202685,Jonas Valanciunas,1610612761,Toronto Raptors,1,7,11,Made Shot,Turnaround Hook Shot,2PT Field Goal,In The Paint (Non-RA),Center(C),Less Than 8 ft.,4,-3,47,1,1,20171226,DAL,TOR,274.1354626519124,46.19615242270663
38887,Shot Chart Detail,0021700499,258,202685,Jonas Valanciunas,1610612761,Toronto Raptors,2,5,50,Made Shot,Putback Layup Shot,2PT Field Goal,Restricted Area,Center(C),Less Than 8 ft.,1,-5,10,1,1,20171226,DAL,TOR,250.77350269189625,8.660254037844386
38888,Shot Chart Detail,0021700499,270,202685,Jonas Valanciunas,1610612761,Toronto Raptors,2,5,22,Made Shot,Hook Shot,2PT Field Goal,In The Paint (Non-RA),Center(C),Less Than 8 ft.,4,5,47,1,1,20171226,DAL,TOR,282.1354626519124,48.33974596215561
38896,Shot Chart Detail,0021700499,400,202685,Jonas Valanciunas,1610612761,Toronto Raptors,3,10,5,Made Shot,Driving Bank Hook Shot,2PT Field Goal,In The Paint (Non-RA),Center(C),Less Than 8 ft.,6,58,34,1,1,20171226,DAL,TOR,327.6299091524473,49.54105316100512
38920,Shot Chart Detail,0021700499,618,202685,Jonas Valanciunas,1610612761,Toronto Raptors,4,7,4,Made Shot,Turnaround Fadeaway shot,2PT Field Goal,In The Paint (Non-RA),Center(C),Less Than 8 ft.,7,-73,-3,1,1,20171226,DAL,TOR,175.26794919243113,-22.560291047471956
39855,Shot Chart Detail,0021700512,17,202685,Jonas Valanciunas,1610612761,Toronto Raptors,1,10,52,Made Shot,Putback Layup Shot,2PT Field Goal,Restricted Area,Center(C),Less Than 8 ft.,1,-5,17,1,1,20171227,OKC,TOR,254.81495457622364,15.660254037844386
39859,Shot Chart Detail,0021700512,29,202685,Jonas Valanciunas,1610612761,Toronto Raptors,1,9,12,Made Shot,Turnaround Fadeaway Bank Jump Shot,2PT Field Goal,Restricted Area,Center(C),Less Than 8 ft.,1,-12,8,1,1,20171227,OKC,TOR,242.618802153517,4.784609690826528
39887,Shot Chart Detail,0021700512,227,202685,Jonas Valanciunas,1610612761,Toronto Raptors,2,7,16,Made Shot,Cutting Layup Shot,2PT Field Goal,Restricted Area,Center(C),Less Than 8 ft.,1,15,10,1,1,20171227,OKC,TOR,270.7735026918963,14.01923788646684
39889,Shot Chart Detail,0021700512,267,202685,Jonas Valanciunas,1610612761,Toronto Raptors,2,5,41,Made Shot,Turnaround Hook Shot,2PT Field Goal,In The Paint (Non-RA),Center(C),8-16 ft.,8,-2,88,1,1,20171227,OKC,TOR,298.8068236886871,87.46410161513775
39893,Shot Chart Detail,0021700512,288,202685,Jonas Valanciunas,1610612761,Toronto Raptors,2,3,42,Made Shot,Cutting Dunk Shot,2PT Field Goal,Restricted Area,Center(C),Less Than 8 ft.,0,-7,4,1,1,20171227,OKC,TOR,245.3094010767585,2.1243556529821412
39894,Shot Chart Detail,0021700512,294,202685,Jonas Valanciunas,1610612761,Toronto Raptors,2,3,18,Made Shot,Cutting Layup Shot,2PT Field Goal,Restricted Area,Center(C),Less Than 8 ft.,1,3,13,1,1,20171227,OKC,TOR,260.5055534994651,13.803847577293368
39927,Shot Chart Detail,0021700512,627,202685,Jonas Valanciunas,1610612761,Toronto Raptors,4,6,14,Made Shot,Cutting Dunk Shot,2PT Field Goal,Restricted Area,Center(C),Less Than 8 ft.,0,3,-1,1,1,20171227,OKC,TOR,252.42264973081038,-0.1961524227066319
40627,Shot Chart Detail,0021700522,24,202685,Jonas Valanciunas,1610612761,Toronto Raptors,1,9,59,Made Shot,Turnaround Hook Shot,2PT Field Goal,In The Paint (Non-RA),Center(C),Less Than 8 ft.,7,-3,75,1,1,20171229,TOR,ATL,290.30127018922195,74.19615242270663
40633,Shot Chart Detail,0021700522,62,202685,Jonas Valanciunas,1610612761,Toronto Raptors,1,6,48,Made Shot,Hook Shot,2PT Field Goal,Restricted Area,Center(C),Less Than 8 ft.,1,0,19,1,1,20171229,TOR,ATL,260.9696551146029,19.0
40635,Shot Chart Detail,0021700522,87,202685,Jonas Valanciunas,1610612761,Toronto Raptors,1,5,22,Made Shot,Jump Shot,3PT Field Goal,Above the Break 3,Center(C),24+ ft.,25,-44,256,1,1,20171229,TOR,ATL,353.8016689125442,244.2102355330306
40668,Shot Chart Detail,0021700522,349,202685,Jonas Valanciunas,1610612761,Toronto Raptors,3,11,47,Made Shot,Jump Shot,2PT Field Goal,In The Paint (Non-RA),Center(C),8-16 ft.,8,-2,88,1,1,20171229,TOR,ATL,298.8068236886871,87.46410161513775
40677,Shot Chart Detail,0021700522,408,202685,Jonas Valanciunas,1610612761,Toronto Raptors,3,6,59,Made Shot,Driving Bank Hook Shot,2PT Field Goal,Restricted Area,Center(C),Less Than 8 ft.,2,21,2,1,1,20171229,TOR,ATL,272.15470053837925,7.626933041053577
42610,Shot Chart Detail,0021700546,309,202685,Jonas Valanciunas,1610612761,Toronto Raptors,3,11,48,Made Shot,Hook Shot,2PT Field Goal,Restricted Area,Center(C),Less Than 8 ft.,3,6,32,1,1,20180101,TOR,MIL,274.47520861406804,33.607695154586736
42612,Shot Chart Detail,0021700546,332,202685,Jonas Valanciunas,1610612761,Toronto Raptors,3,9,55,Made Shot,Jump Shot,2PT Field Goal,In The Paint (Non-RA),Center(C),8-16 ft.,10,36,95,1,1,20180101,TOR,MIL,340.84827557301446,104.64617092752042
44668,Shot Chart Detail,0021700571,331,202685,Jonas Valanciunas,1610612761,Toronto Raptors,3,10,7,Made Shot,Layup Shot,2PT Field Goal,Restricted Area,Center(C),Less Than 8 ft.,0,-7,-3,1,1,20180105,MIL,TOR,241.26794919243113,-4.875644347017859
44669,Shot Chart Detail,0021700571,343,202685,Jonas Valanciunas,1610612761,Toronto Raptors,3,9,16,Made Shot,Putback Layup Shot,2PT Field Goal,Restricted Area,Center(C),Less Than 8 ft.,0,0,8,1,1,20180105,MIL,TOR,254.618802153517,8.0
44676,Shot Chart Detail,0021700571,365,202685,Jonas Valanciunas,1610612761,Toronto Raptors,3,6,30,Made Shot,Layup Shot,2PT Field Goal,Restricted Area,Center(C),Less Than 8 ft.,0,-1,2,1,1,20180105,MIL,TOR,250.15470053837925,1.7320508075688772
44680,Shot Chart Detail,0021700571,382,202685,Jonas Valanciunas,1610612761,Toronto Raptors,3,4,46,Made Shot,Layup Shot,2PT Field Goal,Restricted Area,Center(C),Less Than 8 ft.,1,2,10,1,1,20180105,MIL,TOR,257.7735026918963,10.535898384862245
44683,Shot Chart Detail,0021700571,388,202685,Jonas Valanciunas,1610612761,Toronto Raptors,3,3,37,Made Shot,Driving Hook Shot,2PT Field Goal,Restricted Area,Center(C),Less Than 8 ft.,3,-20,31,1,1,20180105,MIL,TOR,247.8978583448784,25.641016151377546
44685,Shot Chart Detail,0021700571,410,202685,Jonas Valanciunas,1610612761,Toronto Raptors,3,2,21,Made Shot,Jump Shot,2PT Field Goal,Mid-Range,Center(C),8-16 ft.,15,-27,152,1,1,20180105,MIL,TOR,310.7572409168231,144.7653718043597
44686,Shot Chart Detail,0021700571,424,202685,Jonas Valanciunas,1610612761,Toronto Raptors,3,1,18,Made Shot,Hook Shot,2PT Field Goal,In The Paint (Non-RA),Center(C),Less Than 8 ft.,5,-12,54,1,1,20180105,MIL,TOR,269.1769145362398,50.78460969082653
44687,Shot Chart Detail,0021700571,428,202685,Jonas Valanciunas,1610612761,Toronto Raptors,3,0,52,Made Shot,Layup Shot,2PT Field Goal,Restricted Area,Center(C),Less Than 8 ft.,0,2,7,1,1,20180105,MIL,TOR,256.0414518843274,7.535898384862246
46285,Shot Chart Detail,0021700592,9,202685,Jonas Valanciunas,1610612761,Toronto Raptors,1,11,23,Made Shot,Jump Shot,2PT Field Goal,Mid-Range,Center(C),16-24 ft.,19,-58,184,1,1,20180108,BKN,TOR,298.23244953089113,168.45894683899488
46288,Shot Chart Detail,0021700592,30,202685,Jonas Valanciunas,1610612761,Toronto Raptors,1,9,11,Made Shot,Jump Shot,3PT Field Goal,Above the Break 3,Center(C),24+ ft.,25,70,240,1,1,20180108,BKN,TOR,458.56406460551017,258.75644347017857
46289,Shot Chart Detail,0021700592,34,202685,Jonas Valanciunas,1610612761,Toronto Raptors,1,8,46,Made Shot,Fadeaway Jump Shot,2PT Field Goal,In The Paint (Non-RA),Center(C),Less Than 8 ft.,5,-3,59,1,1,20180108,BKN,TOR,281.06366588218793,58.19615242270663
46310,Shot Chart Detail,0021700592,278,202685,Jonas Valanciunas,1610612761,Toronto Raptors,2,3,14,Made Shot,Cutting Layup Shot,2PT Field Goal,Restricted Area,Center(C),Less Than 8 ft.,0,5,-1,1,1,20180108,BKN,TOR,254.42264973081038,0.3397459621556136
46311,Shot Chart Detail,0021700592,284,202685,Jonas Valanciunas,1610612761,Toronto Raptors,2,2,39,Made Shot,Cutting Layup Shot,2PT Field Goal,Restricted Area,Center(C),Less Than 8 ft.,1,18,-2,1,1,20180108,BKN,TOR,266.84529946162075,2.8230854637602087
46318,Shot Chart Detail,0021700592,359,202685,Jonas Valanciunas,1610612761,Toronto Raptors,3,10,5,Made Shot,Floating Jump shot,2PT Field Goal,In The Paint (Non-RA),Center(C),8-16 ft.,11,-19,112,1,1,20180108,BKN,TOR,295.6632301492381,106.90896534380867
46324,Shot Chart Detail,0021700592,399,202685,Jonas Valanciunas,1610612761,Toronto Raptors,3,7,5,Made Shot,Driving Hook Shot,2PT Field Goal,In The Paint (Non-RA),Center(C),Less Than 8 ft.,5,33,49,1,1,20180108,BKN,TOR,311.29016319029165,57.84232335022705
46327,Shot Chart Detail,0021700592,416,202685,Jonas Valanciunas,1610612761,Toronto Raptors,3,6,14,Made Shot,Cutting Layup Shot,2PT Field Goal,Restricted Area,Center(C),Less Than 8 ft.,2,-2,28,1,1,20180108,BKN,TOR,264.16580753730955,27.464101615137753
46348,Shot Chart Detail,0021700592,617,202685,Jonas Valanciunas,1610612761,Toronto Raptors,4,4,40,Made Shot,Cutting Layup Shot,2PT Field Goal,Restricted Area,Center(C),Less Than 8 ft.,2,21,8,1,1,20180108,BKN,TOR,275.618802153517,13.626933041053576
46877,Shot Chart Detail,0021700599,20,202685,Jonas Valanciunas,1610612761,Toronto Raptors,1,10,55,Made Shot,Jump Shot,2PT Field Goal,In The Paint (Non-RA),Center(C),8-16 ft.,8,-7,86,1,1,20180109,TOR,MIA,292.65212315030783,84.12435565298215
46879,Shot Chart Detail,0021700599,37,202685,Jonas Valanciunas,1610612761,Toronto Raptors,1,9,17,Made Shot,Layup Shot,2PT Field Goal,Restricted Area,Center(C),Less Than 8 ft.,2,26,0,1,1,20180109,TOR,MIA,276.0,6.96667900320919
46888,Shot Chart Detail,0021700599,81,202685,Jonas Valanciunas,1610612761,Toronto Raptors,1,4,52,Made Shot,Jump Bank Shot,2PT Field Goal,Mid-Range,Right Side(R),8-16 ft.,9,92,32,1,1,20180109,TOR,MIA,360.47520861406804,56.65132570366329
46919,Shot Chart Detail,0021700599,360,202685,Jonas Valanciunas,1610612761,Toronto Raptors,3,8,44,Made Shot,Jump Shot,2PT Field Goal,Mid-Range,Left Side(L),8-16 ft.,10,-109,13,1,1,20180109,TOR,MIA,148.50555349946512,-16.206461974992372
48151,Shot Chart Detail,0021700615,11,202685,Jonas Valanciunas,1610612761,Toronto Raptors,1,11,20,Made Shot,Driving Dunk Shot,2PT Field Goal,Restricted Area,Center(C),Less Than 8 ft.,1,-2,12,1,1,20180111,TOR,CLE,254.9282032302755,11.464101615137755
48155,Shot Chart Detail,0021700615,34,202685,Jonas Valanciunas,1610612761,Toronto Raptors,1,8,57,Made Shot,Jump Shot,2PT Field Goal,In The Paint (Non-RA),Center(C),8-16 ft.,14,-65,131,1,1,20180111,TOR,CLE,260.632885263841,113.58330249197702
48159,Shot Chart Detail,0021700615,65,202685,Jonas Valanciunas,1610612761,Toronto Raptors,1,6,40,Made Shot,Layup Shot,2PT Field Goal,Restricted Area,Center(C),Less Than 8 ft.,1,11,16,1,1,20180111,TOR,CLE,270.237604307034,18.94744111674235
48161,Shot Chart Detail,0021700615,74,202685,Jonas Valanciunas,1610612761,Toronto Raptors,1,6,11,Made Shot,Jump Shot,2PT Field Goal,In The Paint (Non-RA),Center(C),Less Than 8 ft.,6,0,69,1,1,20180111,TOR,CLE,289.83716857408416,69.0
48191,Shot Chart Detail,0021700615,290,202685,Jonas Valanciunas,1610612761,Toronto Raptors,2,3,2,Made Shot,Hook Shot,2PT Field Goal,In The Paint (Non-RA),Center(C),Less Than 8 ft.,6,4,65,1,1,20180111,TOR,CLE,291.52776749732567,66.07179676972449
48196,Shot Chart Detail,0021700615,364,202685,Jonas Valanciunas,1610612761,Toronto Raptors,3,10,37,Made Shot,Tip Dunk Shot,2PT Field Goal,Restricted Area,Center(C),Less Than 8 ft.,0,0,-6,1,1,20180111,TOR,CLE,246.53589838486224,-6.0
49427,Shot Chart Detail,0021700631,16,202685,Jonas Valanciunas,1610612761,Toronto Raptors,1,9,58,Made Shot,Driving Layup Shot,2PT Field Goal,Restricted Area,Center(C),Less Than 8 ft.,2,20,22,1,1,20180113,TOR,GSW,282.70170592217175,27.358983848622454
49432,Shot Chart Detail,0021700631,41,202685,Jonas Valanciunas,1610612761,Toronto Raptors,1,7,34,Made Shot,Hook Shot,2PT Field Goal,In The Paint (Non-RA),Center(C),8-16 ft.,8,2,83,1,1,20180113,TOR,GSW,299.92007234273893,83.53589838486225
49486,Shot Chart Detail,0021700631,423,202685,Jonas Valanciunas,1610612761,Toronto Raptors,3,3,16,Made Shot,Driving Dunk Shot,2PT Field Goal,Restricted Area,Center(C),Less Than 8 ft.,0,0,8,1,1,20180113,TOR,GSW,254.618802153517,8.0
50068,Shot Chart Detail,0021700639,12,202685,Jonas Valanciunas,1610612761,Toronto Raptors,1,11,11,Made Shot,Cutting Dunk Shot,2PT Field Goal,Restricted Area,Center(C),Less Than 8 ft.,1,16,8,1,1,20180115,PHI,TOR,270.618802153517,12.287187078897963
50072,Shot Chart Detail,0021700639,28,202685,Jonas Valanciunas,1610612761,Toronto Raptors,1,9,16,Made Shot,Driving Reverse Dunk Shot,2PT Field Goal,Restricted Area,Center(C),Less Than 8 ft.,1,-9,13,1,1,20180115,PHI,TOR,248.50555349946512,10.588457268119896
50080,Shot Chart Detail,0021700639,67,202685,Jonas Valanciunas,1610612761,Toronto Raptors,1,5,40,Made Shot,Cutting Dunk Shot,2PT Field Goal,Restricted Area,Center(C),Less Than 8 ft.,0,-1,6,1,1,20180115,PHI,TOR,252.46410161513776,5.732050807568878
50112,Shot Chart Detail,0021700639,392,202685,Jonas Valanciunas,1610612761,Toronto Raptors,3,9,49,Made Shot,Dunk Shot,2PT Field Goal,Restricted Area,Center(C),Less Than 8 ft.,0,2,4,1,1,20180115,PHI,TOR,254.3094010767585,4.535898384862246
51405,Shot Chart Detail,0021700656,79,202685,Jonas Valanciunas,1610612761,Toronto Raptors,1,6,9,Made Shot,Cutting Dunk Shot,2PT Field Goal,Restricted Area,Center(C),Less Than 8 ft.,0,-1,4,1,1,20180117,TOR,DET,251.3094010767585,3.732050807568877
51406,Shot Chart Detail,0021700656,93,202685,Jonas Valanciunas,1610612761,Toronto Raptors,1,5,16,Made Shot,Hook Shot,2PT Field Goal,In The Paint (Non-RA),Center(C),Less Than 8 ft.,4,-1,46,1,1,20180117,TOR,DET,275.5581123827228,45.732050807568875
51425,Shot Chart Detail,0021700656,239,202685,Jonas Valanciunas,1610612761,Toronto Raptors,2,7,13,Made Shot,Jump Shot,3PT Field Goal,Above the Break 3,Center(C),24+ ft.,26,-23,262,1,1,20180117,TOR,DET,378.265770527682,255.8371685740842
51430,Shot Chart Detail,0021700656,301,202685,Jonas Valanciunas,1610612761,Toronto Raptors,2,2,19,Made Shot,Hook Shot,2PT Field Goal,Restricted Area,Center(C),Less Than 8 ft.,3,-33,8,1,1,20180117,TOR,DET,221.618802153517,-0.8423233502270495
51446,Shot Chart Detail,0021700656,383,202685,Jonas Valanciunas,1610612761,Toronto Raptors,3,6,43,Made Shot,Layup Shot,2PT Field Goal,Restricted Area,Center(C),Less Than 8 ft.,0,9,-1,1,1,20180117,TOR,DET,258.42264973081035,1.4115427318801044
52251,Shot Chart Detail,0021700667,11,202685,Jonas Valanciunas,1610612761,Toronto Raptors,1,11,13,Made Shot,Jump Shot,3PT Field Goal,Above the Break 3,Left Side Center(LC),24+ ft.,25,-97,236,1,1,20180119,TOR,SAS,289.2546635287517,210.0089283341811
52279,Shot Chart Detail,0021700667,287,202685,Jonas Valanciunas,1610612761,Toronto Raptors,2,1,15,Made Shot,Driving Floating Jump Shot,2PT Field Goal,In The Paint (Non-RA),Center(C),Less Than 8 ft.,4,0,48,1,1,20180119,TOR,SAS,277.71281292110206,48.0
52281,Shot Chart Detail,0021700667,330,202685,Jonas Valanciunas,1610612761,Toronto Raptors,3,10,14,Made Shot,Driving Hook Shot,2PT Field Goal,In The Paint (Non-RA),Center(C),Less Than 8 ft.,4,32,31,1,1,20180119,TOR,SAS,299.8978583448784,39.57437415779593
52283,Shot Chart Detail,0021700667,358,202685,Jonas Valanciunas,1610612761,Toronto Raptors,3,8,8,Made Shot,Turnaround Fadeaway shot,2PT Field Goal,In The Paint (Non-RA),Center(C),Less Than 8 ft.,7,-5,79,1,1,20180119,TOR,SAS,290.61067126598044,77.66025403784438
52290,Shot Chart Detail,0021700667,388,202685,Jonas Valanciunas,1610612761,Toronto Raptors,3,5,11,Made Shot,Turnaround Fadeaway shot,2PT Field Goal,Mid-Range,Left Side(L),8-16 ft.,10,-96,33,1,1,20180119,TOR,SAS,173.05255888325766,7.276877526612221
52293,Shot Chart Detail,0021700667,406,202685,Jonas Valanciunas,1610612761,Toronto Raptors,3,3,2,Made Shot,Turnaround Jump Shot,2PT Field Goal,In The Paint (Non-RA),Center(C),Less Than 8 ft.,5,-50,22,1,1,20180119,TOR,SAS,212.70170592217175,8.602540378443866
52306,Shot Chart Detail,0021700667,574,202685,Jonas Valanciunas,1610612761,Toronto Raptors,4,3,8,Made Shot,Turnaround Hook Shot,2PT Field Goal,In The Paint (Non-RA),Center(C),Less Than 8 ft.,6,-16,59,1,1,20180119,TOR,SAS,268.06366588218793,54.712812921102035
55245,Shot Chart Detail,0021700705,9,202685,Jonas Valanciunas,1610612761,Toronto Raptors,1,11,19,Made Shot,Layup Shot,2PT Field Goal,Restricted Area,Center(C),Less Than 8 ft.,1,4,10,1,1,20180124,ATL,TOR,259.7735026918963,11.071796769724491
55250,Shot Chart Detail,0021700705,55,202685,Jonas Valanciunas,1610612761,Toronto Raptors,1,7,5,Made Shot,Turnaround Jump Shot,2PT Field Goal,Mid-Range,Left Side(L),8-16 ft.,9,-88,46,1,1,20180124,ATL,TOR,188.55811238272278,22.420471066061204
55252,Shot Chart Detail,0021700705,75,202685,Jonas Valanciunas,1610612761,Toronto Raptors,1,5,54,Made Shot,Jump Shot,2PT Field Goal,Mid-Range,Right Side Center(RC),16-24 ft.,18,119,141,1,1,20180124,ATL,TOR,450.4063879557372,172.88595389930362
55253,Shot Chart Detail,0021700705,79,202685,Jonas Valanciunas,1610612761,Toronto Raptors,1,5,30,Made Shot,Cutting Dunk Shot,2PT Field Goal,Restricted Area,Center(C),Less Than 8 ft.,0,2,6,1,1,20180124,ATL,TOR,255.46410161513776,6.535898384862246
55280,Shot Chart Detail,0021700705,345,202685,Jonas Valanciunas,1610612761,Toronto Raptors,2,0,52,Made Shot,Dunk Shot,2PT Field Goal,Restricted Area,Center(C),Less Than 8 ft.,0,-2,5,1,1,20180124,ATL,TOR,250.88675134594814,4.464101615137754
55292,Shot Chart Detail,0021700705,409,202685,Jonas Valanciunas,1610612761,Toronto Raptors,3,7,55,Made Shot,Tip Dunk Shot,2PT Field Goal,Restricted Area,Center(C),Less Than 8 ft.,0,0,-6,1,1,20180124,ATL,TOR,246.53589838486224,-6.0
55298,Shot Chart Detail,0021700705,457,202685,Jonas Valanciunas,1610612761,Toronto Raptors,3,3,49,Made Shot,Jump Shot,2PT Field Goal,In The Paint (Non-RA),Center(C),8-16 ft.,12,28,126,1,1,20180124,ATL,TOR,350.74613391789285,133.50257738807144
56143,Shot Chart Detail,0021700716,25,202685,Jonas Valanciunas,1610612761,Toronto Raptors,1,9,51,Made Shot,Driving Hook Shot,2PT Field Goal,In The Paint (Non-RA),Center(C),Less Than 8 ft.,4,-11,41,1,1,20180126,TOR,UTA,262.67136103677467,38.05255888325765
56144,Shot Chart Detail,0021700716,32,202685,Jonas Valanciunas,1610612761,Toronto Raptors,1,9,18,Made Shot,Jump Shot,3PT Field Goal,Above the Break 3,Center(C),24+ ft.,25,-46,246,1,1,20180126,TOR,UTA,346.0281662206479,233.67433714816835
56152,Shot Chart Detail,0021700716,71,202685,Jonas Valanciunas,1610612761,Toronto Raptors,1,5,6,Made Shot,Driving Layup Shot,2PT Field Goal,Restricted Area,Center(C),Less Than 8 ft.,2,20,8,1,1,20180126,TOR,UTA,274.618802153517,13.358983848622454
56169,Shot Chart Detail,0021700716,217,202685,Jonas Valanciunas,1610612761,Toronto Raptors,2,6,14,Made Shot,Driving Layup Shot,2PT Field Goal,Restricted Area,Center(C),Less Than 8 ft.,1,12,1,1,1,20180126,TOR,UTA,262.57735026918965,4.215390309173472
56171,Shot Chart Detail,0021700716,232,202685,Jonas Valanciunas,1610612761,Toronto Raptors,2,5,31,Made Shot,Tip Layup Shot,2PT Field Goal,Restricted Area,Center(C),Less Than 8 ft.,0,0,-6,1,1,20180126,TOR,UTA,246.53589838486224,-6.0
56172,Shot Chart Detail,0021700716,238,202685,Jonas Valanciunas,1610612761,Toronto Raptors,2,4,38,Made Shot,Floating Jump shot,2PT Field Goal,In The Paint (Non-RA),Center(C),Less Than 8 ft.,4,-41,9,1,1,20180126,TOR,UTA,214.19615242270663,-1.9859168896760302
56173,Shot Chart Detail,0021700716,253,202685,Jonas Valanciunas,1610612761,Toronto Raptors,2,4,2,Made Shot,Hook Shot,2PT Field Goal,Restricted Area,Center(C),Less Than 8 ft.,2,1,25,1,1,20180126,TOR,UTA,265.43375672974065,25.26794919243112
56175,Shot Chart Detail,0021700716,280,202685,Jonas Valanciunas,1610612761,Toronto Raptors,2,1,50,Made Shot,Driving Dunk Shot,2PT Field Goal,Restricted Area,Center(C),Less Than 8 ft.,1,-14,-2,1,1,20180126,TOR,UTA,234.84529946162075,-5.7512886940357175
56179,Shot Chart Detail,0021700716,326,202685,Jonas Valanciunas,1610612761,Toronto Raptors,3,10,52,Made Shot,Jump Shot,3PT Field Goal,Above the Break 3,Center(C),24+ ft.,26,-70,256,1,1,20180126,TOR,UTA,327.8016689125442,237.2435565298214
56180,Shot Chart Detail,0021700716,332,202685,Jonas Valanciunas,1610612761,Toronto Raptors,3,10,19,Made Shot,Tip Layup Shot,2PT Field Goal,Restricted Area,Center(C),Less Than 8 ft.,0,0,-6,1,1,20180126,TOR,UTA,246.53589838486224,-6.0
56207,Shot Chart Detail,0021700716,589,202685,Jonas Valanciunas,1610612761,Toronto Raptors,4,3,20,Made Shot,Tip Layup Shot,2PT Field Goal,Restricted Area,Center(C),Less Than 8 ft.,0,0,-6,1,1,20180126,TOR,UTA,246.53589838486224,-6.0
56208,Shot Chart Detail,0021700716,592,202685,Jonas Valanciunas,1610612761,Toronto Raptors,4,2,47,Made Shot,Hook Bank Shot,2PT Field Goal,Restricted Area,Center(C),Less Than 8 ft.,2,29,-6,1,1,20180126,TOR,UTA,275.53589838486226,1.7705265805025583
57599,Shot Chart Detail,0021700735,21,202685,Jonas Valanciunas,1610612761,Toronto Raptors,1,10,14,Made Shot,Jump Shot,3PT Field Goal,Left Corner 3,Left Side(L),24+ ft.,22,-229,-5,1,1,20180128,TOR,LAL,18.113248654051873,-66.3603650667271
57604,Shot Chart Detail,0021700735,57,202685,Jonas Valanciunas,1610612761,Toronto Raptors,1,7,19,Made Shot,Cutting Dunk Shot,2PT Field Goal,Restricted Area,Center(C),Less Than 8 ft.,0,-2,1,1,1,20180128,TOR,LAL,248.57735026918962,0.4641016151377546
57629,Shot Chart Detail,0021700735,264,202685,Jonas Valanciunas,1610612761,Toronto Raptors,2,4,28,Made Shot,Turnaround Fadeaway shot,2PT Field Goal,Mid-Range,Left Side(L),8-16 ft.,11,-109,22,1,1,20180128,TOR,LAL,153.70170592217175,-7.206461974992372
57641,Shot Chart Detail,0021700735,365,202685,Jonas Valanciunas,1610612761,Toronto Raptors,3,10,6,Made Shot,Reverse Layup Shot,2PT Field Goal,Restricted Area,Center(C),Less Than 8 ft.,3,-32,9,1,1,20180128,TOR,LAL,223.19615242270663,0.42562584220407373
57644,Shot Chart Detail,0021700735,379,202685,Jonas Valanciunas,1610612761,Toronto Raptors,3,8,37,Made Shot,Putback Dunk Shot,2PT Field Goal,Restricted Area,Center(C),Less Than 8 ft.,0,0,-6,1,1,20180128,TOR,LAL,246.53589838486224,-6.0
57646,Shot Chart Detail,0021700735,407,202685,Jonas Valanciunas,1610612761,Toronto Raptors,3,6,48,Made Shot,Pullup Jump shot,2PT Field Goal,Restricted Area,Center(C),Less Than 8 ft.,3,8,34,1,1,20180128,TOR,LAL,277.6299091524473,36.14359353944898
58459,Shot Chart Detail,0021700746,13,202685,Jonas Valanciunas,1610612761,Toronto Raptors,1,10,49,Made Shot,Hook Shot,2PT Field Goal,In The Paint (Non-RA),Center(C),Less Than 8 ft.,6,-38,47,1,1,20180130,TOR,MIN,239.1354626519124,36.817930687617334
58461,Shot Chart Detail,0021700746,26,202685,Jonas Valanciunas,1610612761,Toronto Raptors,1,9,25,Made Shot,Layup Shot,2PT Field Goal,Restricted Area,Center(C),Less Than 8 ft.,3,4,39,1,1,20180130,TOR,MIN,276.5166604983954,40.07179676972449
58495,Shot Chart Detail,0021700746,261,202685,Jonas Valanciunas,1610612761,Toronto Raptors,2,2,9,Made Shot,Jump Shot,2PT Field Goal,Mid-Range,Left Side(L),16-24 ft.,17,-179,5,1,1,20180130,TOR,MIN,73.88675134594813,-42.96290544517096
58497,Shot Chart Detail,0021700746,264,202685,Jonas Valanciunas,1610612761,Toronto Raptors,2,1,25,Made Shot,Dunk Shot,2PT Field Goal,Restricted Area,Center(C),Less Than 8 ft.,2,-11,17,1,1,20180130,TOR,MIN,248.81495457622364,14.05255888325765
58505,Shot Chart Detail,0021700746,315,202685,Jonas Valanciunas,1610612761,Toronto Raptors,3,8,55,Made Shot,Putback Dunk Shot,2PT Field Goal,Restricted Area,Center(C),Less Than 8 ft.,1,-2,14,1,1,20180130,TOR,MIN,256.0829037686548,13.464101615137755
58511,Shot Chart Detail,0021700746,337,202685,Jonas Valanciunas,1610612761,Toronto Raptors,3,6,16,Made Shot,Cutting Dunk Shot,2PT Field Goal,Restricted Area,Center(C),Less Than 8 ft.,1,6,11,1,1,20180130,TOR,MIN,262.3508529610859,12.607695154586736
58514,Shot Chart Detail,0021700746,370,202685,Jonas Valanciunas,1610612761,Toronto Raptors,3,3,34,Made Shot,Putback Dunk Shot,2PT Field Goal,Restricted Area,Center(C),Less Than 8 ft.,1,3,10,1,1,20180130,TOR,MIN,258.7735026918963,10.803847577293368
58528,Shot Chart Detail,0021700746,513,202685,Jonas Valanciunas,1610612761,Toronto Raptors,4,5,29,Made Shot,Turnaround Jump Shot,2PT Field Goal,Restricted Area,Center(C),Less Than 8 ft.,2,-8,22,1,1,20180130,TOR,MIN,254.70170592217175,19.856406460551018
59727,Shot Chart Detail,0021700762,11,202685,Jonas Valanciunas,1610612761,Toronto Raptors,1,11,21,Made Shot,Jump Shot,3PT Field Goal,Above the Break 3,Left Side Center(LC),24+ ft.,25,-102,231,1,1,20180201,WAS,TOR,281.36791218280354,203.6691823720255
59732,Shot Chart Detail,0021700762,30,202685,Jonas Valanciunas,1610612761,Toronto Raptors,1,9,4,Made Shot,Driving Layup Shot,2PT Field Goal,In The Paint (Non-RA),Center(C),Less Than 8 ft.,7,-13,71,1,1,20180201,WAS,TOR,277.9918691124634,67.51666049839541
59758,Shot Chart Detail,0021700762,211,202685,Jonas Valanciunas,1610612761,Toronto Raptors,2,6,35,Made Shot,Hook Shot,2PT Field Goal,In The Paint (Non-RA),Center(C),8-16 ft.,8,1,83,1,1,20180201,WAS,TOR,298.92007234273893,83.26794919243112
59760,Shot Chart Detail,0021700762,226,202685,Jonas Valanciunas,1610612761,Toronto Raptors,2,5,22,Made Shot,Dunk Shot,2PT Field Goal,Restricted Area,Center(C),Less Than 8 ft.,1,14,13,1,1,20180201,WAS,TOR,271.5055534994651,16.75128869403572
59762,Shot Chart Detail,0021700762,240,202685,Jonas Valanciunas,1610612761,Toronto Raptors,2,4,36,Made Shot,Layup Shot,2PT Field Goal,Restricted Area,Center(C),Less Than 8 ft.,1,-4,16,1,1,20180201,WAS,TOR,255.23760430703402,14.928203230275509
59763,Shot Chart Detail,0021700762,253,202685,Jonas Valanciunas,1610612761,Toronto Raptors,2,3,30,Made Shot,Cutting Layup Shot,2PT Field Goal,Restricted Area,Center(C),Less Than 8 ft.,0,2,9,1,1,20180201,WAS,TOR,257.19615242270663,9.535898384862245
59769,Shot Chart Detail,0021700762,289,202685,Jonas Valanciunas,1610612761,Toronto Raptors,2,0,50,Made Shot,Jump Shot,3PT Field Goal,Above the Break 3,Right Side Center(RC),24+ ft.,26,145,218,1,1,20180201,WAS,TOR,520.8623586833385,256.85263290251277
60306,Shot Chart Detail,0021700769,16,202685,Jonas Valanciunas,1610612761,Toronto Raptors,1,10,23,Made Shot,Jump Shot,3PT Field Goal,Left Corner 3,Left Side(L),24+ ft.,22,-226,-20,1,1,20180202,TOR,POR,12.452994616207485,-80.55651748943373
60309,Shot Chart Detail,0021700769,44,202685,Jonas Valanciunas,1610612761,Toronto Raptors,1,8,19,Made Shot,Cutting Dunk Shot,2PT Field Goal,Restricted Area,Center(C),Less Than 8 ft.,2,1,20,1,1,20180202,TOR,POR,262.5470053837925,20.26794919243112
60313,Shot Chart Detail,0021700769,71,202685,Jonas Valanciunas,1610612761,Toronto Raptors,1,5,54,Made Shot,Turnaround Hook Shot,2PT Field Goal,In The Paint (Non-RA),Center(C),8-16 ft.,8,9,80,1,1,20180202,TOR,POR,305.18802153517004,82.4115427318801
60315,Shot Chart Detail,0021700769,123,202685,Jonas Valanciunas,1610612761,Toronto Raptors,1,3,14,Made Shot,Jump Shot,2PT Field Goal,Mid-Range,Left Side Center(LC),16-24 ft.,18,-80,162,1,1,20180202,TOR,POR,263.5307436087194,140.56406460551017
60333,Shot Chart Detail,0021700769,234,202685,Jonas Valanciunas,1610612761,Toronto Raptors,2,5,37,Made Shot,Jump Shot,3PT Field Goal,Above the Break 3,Left Side Center(LC),24+ ft.,25,-122,220,1,1,20180202,TOR,POR,255.01705922171766,187.31019852340302
60339,Shot Chart Detail,0021700769,265,202685,Jonas Valanciunas,1610612761,Toronto Raptors,2,3,11,Made Shot,Driving Hook Shot,2PT Field Goal,In The Paint (Non-RA),Center(C),Less Than 8 ft.,4,27,42,1,1,20180202,TOR,POR,301.24871130596426,49.23462819564031
60352,Shot Chart Detail,0021700769,324,202685,Jonas Valanciunas,1610612761,Toronto Raptors,3,9,31,Made Shot,Putback Layup Shot,2PT Field Goal,Restricted Area,Center(C),Less Than 8 ft.,0,2,5,1,1,20180202,TOR,POR,254.88675134594814,5.535898384862246
61741,Shot Chart Detail,0021700787,9,202685,Jonas Valanciunas,1610612761,Toronto Raptors,1,11,34,Made Shot,Driving Dunk Shot,2PT Field Goal,Restricted Area,Center(C),Less Than 8 ft.,0,-3,6,1,1,20180204,TOR,MEM,250.46410161513776,5.196152422706632
61746,Shot Chart Detail,0021700787,37,202685,Jonas Valanciunas,1610612761,Toronto Raptors,1,9,9,Made Shot,Jump Shot,3PT Field Goal,Above the Break 3,Right Side Center(RC),24+ ft.,26,108,238,1,1,20180204,TOR,MEM,495.4093640671309,266.93851278256125
61771,Shot Chart Detail,0021700787,246,202685,Jonas Valanciunas,1610612761,Toronto Raptors,2,6,33,Made Shot,Driving Layup Shot,2PT Field Goal,Restricted Area,Center(C),Less Than 8 ft.,2,25,-1,1,1,20180204,TOR,MEM,274.42264973081035,5.698729810778067
61783,Shot Chart Detail,0021700787,349,202685,Jonas Valanciunas,1610612761,Toronto Raptors,3,10,43,Made Shot,Layup Shot,2PT Field Goal,Restricted Area,Center(C),Less Than 8 ft.,0,-2,0,1,1,20180204,TOR,MEM,248.0,-0.5358983848622454
61791,Shot Chart Detail,0021700787,419,202685,Jonas Valanciunas,1610612761,Toronto Raptors,3,5,34,Made Shot,Reverse Layup Shot,2PT Field Goal,Restricted Area,Center(C),Less Than 8 ft.,1,16,3,1,1,20180204,TOR,MEM,267.7320508075689,7.287187078897963
62635,Shot Chart Detail,0021700798,33,202685,Jonas Valanciunas,1610612761,Toronto Raptors,1,8,33,Made Shot,Driving Bank Hook Shot,2PT Field Goal,Restricted Area,Center(C),Less Than 8 ft.,2,25,6,1,1,20180206,TOR,BOS,278.46410161513774,12.698729810778067
63729,Shot Chart Detail,0021700812,8,202685,Jonas Valanciunas,1610612761,Toronto Raptors,1,11,20,Made Shot,Jump Shot,3PT Field Goal,Above the Break 3,Left Side Center(LC),24+ ft.,25,-89,241,1,1,20180208,TOR,NYK,300.14141487469976,217.15252187363006
63730,Shot Chart Detail,0021700812,19,202685,Jonas Valanciunas,1610612761,Toronto Raptors,1,10,24,Made Shot,Jump Shot,2PT Field Goal,Mid-Range,Right Side Center(RC),16-24 ft.,16,64,148,1,1,20180208,TOR,NYK,399.4478398400646,165.14874831559186
63735,Shot Chart Detail,0021700812,47,202685,Jonas Valanciunas,1610612761,Toronto Raptors,1,7,21,Made Shot,Putback Layup Shot,2PT Field Goal,Restricted Area,Center(C),Less Than 8 ft.,0,0,-6,1,1,20180208,TOR,NYK,246.53589838486224,-6.0
63758,Shot Chart Detail,0021700812,256,202685,Jonas Valanciunas,1610612761,Toronto Raptors,2,4,17,Made Shot,Layup Shot,2PT Field Goal,Restricted Area,Center(C),Less Than 8 ft.,2,8,25,1,1,20180208,TOR,NYK,272.43375672974065,27.143593539448982
63766,Shot Chart Detail,0021700812,331,202685,Jonas Valanciunas,1610612761,Toronto Raptors,3,9,35,Made Shot,Cutting Layup Shot,2PT Field Goal,Restricted Area,Center(C),Less Than 8 ft.,3,25,17,1,1,20180208,TOR,NYK,284.8149545762236,23.69872981077807
63767,Shot Chart Detail,0021700812,344,202685,Jonas Valanciunas,1610612761,Toronto Raptors,3,8,34,Made Shot,Putback Dunk Shot,2PT Field Goal,Restricted Area,Center(C),Less Than 8 ft.,1,0,11,1,1,20180208,TOR,NYK,256.3508529610859,11.0
63771,Shot Chart Detail,0021700812,387,202685,Jonas Valanciunas,1610612761,Toronto Raptors,3,5,30,Made Shot,Jump Shot,3PT Field Goal,Above the Break 3,Right Side Center(RC),24+ ft.,24,83,230,1,1,20180208,TOR,NYK,465.79056191361394,252.2397829717832
65421,Shot Chart Detail,0021700833,40,202685,Jonas Valanciunas,1610612761,Toronto Raptors,1,8,25,Made Shot,Dunk Shot,2PT Field Goal,Restricted Area,Center(C),Less Than 8 ft.,1,-4,14,1,1,20180211,CHA,TOR,254.08290376865477,12.928203230275509
65429,Shot Chart Detail,0021700833,80,202685,Jonas Valanciunas,1610612761,Toronto Raptors,1,4,52,Made Shot,Dunk Shot,2PT Field Goal,Restricted Area,Center(C),Less Than 8 ft.,0,-2,6,1,1,20180211,CHA,TOR,251.46410161513776,5.464101615137754
65452,Shot Chart Detail,0021700833,242,202685,Jonas Valanciunas,1610612761,Toronto Raptors,2,5,23,Made Shot,Jump Shot,2PT Field Goal,In The Paint (Non-RA),Center(C),8-16 ft.,11,30,111,1,1,20180211,CHA,TOR,344.0858798800484,119.03847577293368
65454,Shot Chart Detail,0021700833,262,202685,Jonas Valanciunas,1610612761,Toronto Raptors,2,3,49,Made Shot,Tip Layup Shot,2PT Field Goal,Restricted Area,Center(C),Less Than 8 ft.,0,0,-6,1,1,20180211,CHA,TOR,246.53589838486224,-6.0
65462,Shot Chart Detail,0021700833,322,202685,Jonas Valanciunas,1610612761,Toronto Raptors,3,11,41,Made Shot,Layup Shot,2PT Field Goal,Restricted Area,Center(C),Less Than 8 ft.,0,-2,5,1,1,20180211,CHA,TOR,250.88675134594814,4.464101615137754
65463,Shot Chart Detail,0021700833,326,202685,Jonas Valanciunas,1610612761,Toronto Raptors,3,11,9,Made Shot,Jump Shot,3PT Field Goal,Above the Break 3,Right Side Center(RC),24+ ft.,25,91,242,1,1,20180211,CHA,TOR,480.7187651438894,266.38337651123214
65466,Shot Chart Detail,0021700833,340,202685,Jonas Valanciunas,1610612761,Toronto Raptors,3,9,31,Made Shot,Turnaround Jump Shot,2PT Field Goal,In The Paint (Non-RA),Center(C),Less Than 8 ft.,4,3,43,1,1,20180211,CHA,TOR,277.8260615751539,43.80384757729337
65468,Shot Chart Detail,0021700833,386,202685,Jonas Valanciunas,1610612761,Toronto Raptors,3,5,58,Made Shot,Jump Shot,3PT Field Goal,Above the Break 3,Center(C),24+ ft.,25,-8,252,1,1,20180211,CHA,TOR,387.4922678357857,249.85640646055103
65474,Shot Chart Detail,0021700833,413,202685,Jonas Valanciunas,1610612761,Toronto Raptors,3,3,27,Made Shot,Layup Shot,2PT Field Goal,Restricted Area,Center(C),Less Than 8 ft.,1,14,13,1,1,20180211,CHA,TOR,271.5055534994651,16.75128869403572
66515,Shot Chart Detail,0021700847,26,202685,Jonas Valanciunas,1610612761,Toronto Raptors,1,9,28,Made Shot,Layup Shot,2PT Field Goal,Restricted Area,Center(C),Less Than 8 ft.,2,9,20,1,1,20180213,TOR,MIA,270.5470053837925,22.411542731880104
66517,Shot Chart Detail,0021700847,29,202685,Jonas Valanciunas,1610612761,Toronto Raptors,1,8,58,Made Shot,Alley Oop Dunk Shot,2PT Field Goal,Restricted Area,Center(C),Less Than 8 ft.,2,5,21,1,1,20180213,TOR,MIA,267.12435565298216,22.339745962155614
67484,Shot Chart Detail,0021700859,8,202685,Jonas Valanciunas,1610612761,Toronto Raptors,1,11,22,Made Shot,Driving Hook Shot,2PT Field Goal,In The Paint (Non-RA),Center(C),Less Than 8 ft.,5,0,54,1,1,20180214,CHI,TOR,281.1769145362398,54.0
67487,Shot Chart Detail,0021700859,27,202685,Jonas Valanciunas,1610612761,Toronto Raptors,1,9,38,Made Shot,Layup Shot,2PT Field Goal,Restricted Area,Center(C),Less Than 8 ft.,2,-5,23,1,1,20180214,CHI,TOR,258.2790561913614,21.660254037844386
67490,Shot Chart Detail,0021700859,37,202685,Jonas Valanciunas,1610612761,Toronto Raptors,1,8,37,Made Shot,Putback Layup Shot,2PT Field Goal,Restricted Area,Center(C),Less Than 8 ft.,2,-5,20,1,1,20180214,CHI,TOR,256.5470053837925,18.660254037844386
67491,Shot Chart Detail,0021700859,40,202685,Jonas Valanciunas,1610612761,Toronto Raptors,1,7,55,Made Shot,Layup Shot,2PT Field Goal,Restricted Area,Center(C),Less Than 8 ft.,1,-8,12,1,1,20180214,CHI,TOR,248.9282032302755,9.856406460551018
67498,Shot Chart Detail,0021700859,69,202685,Jonas Valanciunas,1610612761,Toronto Raptors,1,4,56,Made Shot,Driving Dunk Shot,2PT Field Goal,Restricted Area,Center(C),Less Than 8 ft.,0,-3,7,1,1,20180214,CHI,TOR,251.0414518843274,6.196152422706632
67523,Shot Chart Detail,0021700859,248,202685,Jonas Valanciunas,1610612761,Toronto Raptors,2,4,19,Made Shot,Driving Layup Shot,2PT Field Goal,Restricted Area,Center(C),Less Than 8 ft.,1,11,7,1,1,20180214,CHI,TOR,265.0414518843274,9.94744111674235
67532,Shot Chart Detail,0021700859,323,202685,Jonas Valanciunas,1610612761,Toronto Raptors,3,10,22,Made Shot,Driving Layup Shot,2PT Field Goal,Restricted Area,Center(C),Less Than 8 ft.,1,14,11,1,1,20180214,CHI,TOR,270.3508529610859,14.751288694035718
68971,Shot Chart Detail,0021700876,371,202685,Jonas Valanciunas,1610612761,Toronto Raptors,3,8,7,Made Shot,Turnaround Hook Shot,2PT Field Goal,Restricted Area,Center(C),Less Than 8 ft.,3,-25,24,1,1,20180223,TOR,MIL,238.85640646055103,17.30127018922193
68977,Shot Chart Detail,0021700876,409,202685,Jonas Valanciunas,1610612761,Toronto Raptors,3,5,1,Made Shot,Putback Layup Shot,2PT Field Goal,Restricted Area,Center(C),Less Than 8 ft.,0,0,-6,1,1,20180223,TOR,MIL,246.53589838486224,-6.0
68979,Shot Chart Detail,0021700876,412,202685,Jonas Valanciunas,1610612761,Toronto Raptors,3,4,29,Made Shot,Reverse Dunk Shot,2PT Field Goal,Restricted Area,Center(C),Less Than 8 ft.,1,9,10,1,1,20180223,TOR,MIL,264.7735026918963,12.411542731880104
69002,Shot Chart Detail,0021700876,626,202685,Jonas Valanciunas,1610612761,Toronto Raptors,4,0,0,Made Shot,Driving Dunk Shot,2PT Field Goal,Restricted Area,Center(C),Less Than 8 ft.,1,8,8,1,1,20180223,TOR,MIL,262.618802153517,10.143593539448982
69008,Shot Chart Detail,0021700876,669,202685,Jonas Valanciunas,1610612761,Toronto Raptors,5,0,36,Made Shot,Dunk Shot,2PT Field Goal,Restricted Area,Center(C),Less Than 8 ft.,1,12,11,1,1,20180223,TOR,MIL,268.3508529610859,14.215390309173472
70997,Shot Chart Detail,0021700901,256,202685,Jonas Valanciunas,1610612761,Toronto Raptors,2,4,20,Made Shot,Turnaround Hook Shot,2PT Field Goal,In The Paint (Non-RA),Center(C),8-16 ft.,10,-45,94,1,1,20180226,TOR,DET,259.2709253038248,81.94228634059948
71999,Shot Chart Detail,0021700914,7,202685,Jonas Valanciunas,1610612761,Toronto Raptors,1,11,42,Made Shot,Turnaround Jump Shot,2PT Field Goal,In The Paint (Non-RA),Center(C),8-16 ft.,10,-11,102,1,1,20180228,ORL,TOR,297.88972745734185,99.05255888325765
72006,Shot Chart Detail,0021700914,31,202685,Jonas Valanciunas,1610612761,Toronto Raptors,1,8,35,Made Shot,Jump Shot,3PT Field Goal,Above the Break 3,Right Side Center(RC),24+ ft.,25,150,200,1,1,20180228,ORL,TOR,515.4700538379252,240.1923788646684
72044,Shot Chart Detail,0021700914,253,202685,Jonas Valanciunas,1610612761,Toronto Raptors,2,4,12,Made Shot,Layup Shot,2PT Field Goal,Restricted Area,Center(C),Less Than 8 ft.,1,15,10,1,1,20180228,ORL,TOR,270.7735026918963,14.01923788646684
72058,Shot Chart Detail,0021700914,392,202685,Jonas Valanciunas,1610612761,Toronto Raptors,3,7,10,Made Shot,Layup Shot,2PT Field Goal,Restricted Area,Center(C),Less Than 8 ft.,2,14,25,1,1,20180228,ORL,TOR,278.43375672974065,28.75128869403572
73254,Shot Chart Detail,0021700929,241,202685,Jonas Valanciunas,1610612761,Toronto Raptors,2,6,19,Made Shot,Dunk Shot,2PT Field Goal,Restricted Area,Center(C),Less Than 8 ft.,2,2,21,1,1,20180302,WAS,TOR,264.12435565298216,21.535898384862247
73257,Shot Chart Detail,0021700929,251,202685,Jonas Valanciunas,1610612761,Toronto Raptors,2,4,37,Made Shot,Hook Shot,2PT Field Goal,Restricted Area,Center(C),Less Than 8 ft.,3,-2,31,1,1,20180302,WAS,TOR,265.8978583448784,30.464101615137753
73259,Shot Chart Detail,0021700929,263,202685,Jonas Valanciunas,1610612761,Toronto Raptors,2,3,57,Made Shot,Driving Dunk Shot,2PT Field Goal,Restricted Area,Center(C),Less Than 8 ft.,3,7,34,1,1,20180302,WAS,TOR,276.6299091524473,35.87564434701786
73265,Shot Chart Detail,0021700929,313,202685,Jonas Valanciunas,1610612761,Toronto Raptors,3,11,40,Made Shot,Turnaround Hook Shot,2PT Field Goal,In The Paint (Non-RA),Right Side(R),8-16 ft.,8,55,62,1,1,20180302,WAS,TOR,340.7957166897568,76.73720558371176
73272,Shot Chart Detail,0021700929,346,202685,Jonas Valanciunas,1610612761,Toronto Raptors,3,8,8,Made Shot,Jump Shot,3PT Field Goal,Above the Break 3,Center(C),24+ ft.,25,-11,251,1,1,20180302,WAS,TOR,383.91491756659605,248.05255888325766
74430,Shot Chart Detail,0021700944,9,202685,Jonas Valanciunas,1610612761,Toronto Raptors,1,11,22,Made Shot,Driving Dunk Shot,2PT Field Goal,Restricted Area,Center(C),Less Than 8 ft.,0,-3,8,1,1,20180304,TOR,CHA,251.618802153517,7.196152422706632
74435,Shot Chart Detail,0021700944,24,202685,Jonas Valanciunas,1610612761,Toronto Raptors,1,9,6,Made Shot,Jump Shot,3PT Field Goal,Above the Break 3,Center(C),24+ ft.,26,51,257,1,1,20180304,TOR,CHA,449.37901918173384,270.66540881398726
74436,Shot Chart Detail,0021700944,28,202685,Jonas Valanciunas,1610612761,Toronto Raptors,1,8,36,Made Shot,Dunk Shot,2PT Field Goal,Restricted Area,Center(C),Less Than 8 ft.,0,-1,-4,1,1,20180304,TOR,CHA,246.6905989232415,-4.267949192431122
74442,Shot Chart Detail,0021700944,75,202685,Jonas Valanciunas,1610612761,Toronto Raptors,1,5,0,Made Shot,Turnaround Hook Shot,2PT Field Goal,In The Paint (Non-RA),Center(C),Less Than 8 ft.,4,-7,47,1,1,20180304,TOR,CHA,270.1354626519124,45.12435565298214
74468,Shot Chart Detail,0021700944,329,202685,Jonas Valanciunas,1610612761,Toronto Raptors,3,10,26,Made Shot,Putback Layup Shot,2PT Field Goal,Restricted Area,Center(C),Less Than 8 ft.,0,9,-4,1,1,20180304,TOR,CHA,256.6905989232415,-1.5884572681198956
74469,Shot Chart Detail,0021700944,336,202685,Jonas Valanciunas,1610612761,Toronto Raptors,3,9,26,Made Shot,Reverse Layup Shot,2PT Field Goal,Restricted Area,Center(C),Less Than 8 ft.,0,-3,1,1,1,20180304,TOR,CHA,247.57735026918962,0.1961524227066319
74475,Shot Chart Detail,0021700944,367,202685,Jonas Valanciunas,1610612761,Toronto Raptors,3,6,4,Made Shot,Jump Shot,3PT Field Goal,Above the Break 3,Right Side Center(RC),24+ ft.,26,199,168,1,1,20180304,TOR,CHA,545.9948452238572,221.32188929379342
74488,Shot Chart Detail,0021700944,543,202685,Jonas Valanciunas,1610612761,Toronto Raptors,4,6,41,Made Shot,Cutting Finger Roll Layup Shot,2PT Field Goal,Restricted Area,Center(C),Less Than 8 ft.,1,7,8,1,1,20180304,TOR,CHA,261.618802153517,9.87564434701786
75512,Shot Chart Detail,0021700958,15,202685,Jonas Valanciunas,1610612761,Toronto Raptors,1,10,53,Made Shot,Turnaround Fadeaway shot,2PT Field Goal,In The Paint (Non-RA),Center(C),Less Than 8 ft.,6,-54,32,1,1,20180306,TOR,ATL,214.47520861406804,17.530743608719376
75538,Shot Chart Detail,0021700958,247,202685,Jonas Valanciunas,1610612761,Toronto Raptors,2,5,35,Made Shot,Hook Bank Shot,2PT Field Goal,In The Paint (Non-RA),Center(C),Less Than 8 ft.,5,45,27,1,1,20180306,TOR,ATL,310.5884572681199,39.05771365940052
75542,Shot Chart Detail,0021700958,299,202685,Jonas Valanciunas,1610612761,Toronto Raptors,2,2,24,Made Shot,Dunk Shot,2PT Field Goal,Restricted Area,Center(C),Less Than 8 ft.,2,11,20,1,1,20180306,TOR,ATL,272.5470053837925,22.94744111674235
75553,Shot Chart Detail,0021700958,391,202685,Jonas Valanciunas,1610612761,Toronto Raptors,3,8,50,Made Shot,Dunk Shot,2PT Field Goal,Restricted Area,Center(C),Less Than 8 ft.,1,-1,10,1,1,20180306,TOR,ATL,254.77350269189625,9.732050807568877
76145,Shot Chart Detail,0021700966,18,202685,Jonas Valanciunas,1610612761,Toronto Raptors,1,10,34,Made Shot,Driving Layup Shot,2PT Field Goal,Restricted Area,Center(C),Less Than 8 ft.,3,25,19,1,1,20180307,DET,TOR,285.9696551146029,25.69872981077807
76152,Shot Chart Detail,0021700966,65,202685,Jonas Valanciunas,1610612761,Toronto Raptors,1,6,31,Made Shot,Tip Dunk Shot,2PT Field Goal,Restricted Area,Center(C),Less Than 8 ft.,0,0,-6,1,1,20180307,DET,TOR,246.53589838486224,-6.0
76155,Shot Chart Detail,0021700966,83,202685,Jonas Valanciunas,1610612761,Toronto Raptors,1,4,50,Made Shot,Jump Shot,3PT Field Goal,Left Corner 3,Left Side(L),24+ ft.,24,-241,22,1,1,20180307,DET,TOR,21.701705922171765,-42.57575537590057
76185,Shot Chart Detail,0021700966,321,202685,Jonas Valanciunas,1610612761,Toronto Raptors,3,10,59,Made Shot,Turnaround Jump Shot,2PT Field Goal,In The Paint (Non-RA),Left Side(L),8-16 ft.,8,-71,43,1,1,20180307,DET,TOR,203.82606157515391,23.97560733739029
76197,Shot Chart Detail,0021700966,382,202685,Jonas Valanciunas,1610612761,Toronto Raptors,3,5,57,Made Shot,Hook Shot,2PT Field Goal,In The Paint (Non-RA),Center(C),Less Than 8 ft.,4,33,25,1,1,20180307,DET,TOR,297.43375672974065,33.84232335022705
76214,Shot Chart Detail,0021700966,544,202685,Jonas Valanciunas,1610612761,Toronto Raptors,4,6,24,Made Shot,Dunk Shot,2PT Field Goal,Restricted Area,Center(C),Less Than 8 ft.,1,-6,8,1,1,20180307,DET,TOR,248.618802153517,6.392304845413264
77212,Shot Chart Detail,0021700979,35,202685,Jonas Valanciunas,1610612761,Toronto Raptors,1,9,5,Made Shot,Turnaround Jump Shot,2PT Field Goal,In The Paint (Non-RA),Center(C),Less Than 8 ft.,7,-63,34,1,1,20180309,TOR,HOU,206.62990915244728,17.11920087683927
77215,Shot Chart Detail,0021700979,49,202685,Jonas Valanciunas,1610612761,Toronto Raptors,1,7,35,Made Shot,Turnaround Jump Shot,2PT Field Goal,Mid-Range,Right Side(R),8-16 ft.,10,106,12,1,1,20180309,TOR,HOU,362.9282032302755,40.402614397699004
77219,Shot Chart Detail,0021700979,79,202685,Jonas Valanciunas,1610612761,Toronto Raptors,1,5,12,Made Shot,Hook Bank Shot,2PT Field Goal,Restricted Area,Center(C),Less Than 8 ft.,2,-17,12,1,1,20180309,TOR,HOU,239.9282032302755,7.4448637286709145
77260,Shot Chart Detail,0021700979,384,202685,Jonas Valanciunas,1610612761,Toronto Raptors,3,4,42,Made Shot,Turnaround Bank Hook Shot,2PT Field Goal,Restricted Area,Center(C),Less Than 8 ft.,1,16,1,1,1,20180309,TOR,HOU,266.57735026918965,5.287187078897963
77284,Shot Chart Detail,0021700979,525,202685,Jonas Valanciunas,1610612761,Toronto Raptors,4,4,53,Made Shot,Hook Shot,2PT Field Goal,Restricted Area,Center(C),Less Than 8 ft.,0,2,9,1,1,20180309,TOR,HOU,257.19615242270663,9.535898384862245
78250,Shot Chart Detail,0021700992,55,202685,Jonas Valanciunas,1610612761,Toronto Raptors,1,7,33,Made Shot,Layup Shot,2PT Field Goal,Restricted Area,Center(C),Less Than 8 ft.,1,-15,11,1,1,20180311,NYK,TOR,241.35085296108588,6.980762113533159
78255,Shot Chart Detail,0021700992,92,202685,Jonas Valanciunas,1610612761,Toronto Raptors,1,4,13,Made Shot,Driving Layup Shot,2PT Field Goal,Restricted Area,Center(C),Less Than 8 ft.,0,3,8,1,1,20180311,NYK,TOR,257.618802153517,8.803847577293368
78291,Shot Chart Detail,0021700992,375,202685,Jonas Valanciunas,1610612761,Toronto Raptors,3,9,3,Made Shot,Driving Dunk Shot,2PT Field Goal,Restricted Area,Center(C),Less Than 8 ft.,0,2,7,1,1,20180311,NYK,TOR,256.0414518843274,7.535898384862246
78301,Shot Chart Detail,0021700992,427,202685,Jonas Valanciunas,1610612761,Toronto Raptors,3,4,17,Made Shot,Hook Shot,2PT Field Goal,Restricted Area,Center(C),Less Than 8 ft.,1,-14,13,1,1,20180311,NYK,TOR,243.50555349946512,9.248711305964282
79542,Shot Chart Detail,0021701008,12,202685,Jonas Valanciunas,1610612761,Toronto Raptors,1,11,24,Made Shot,Cutting Layup Shot,2PT Field Goal,In The Paint (Non-RA),Center(C),Less Than 8 ft.,7,41,68,1,1,20180313,BKN,TOR,330.25981830489457,78.98591688967603
79552,Shot Chart Detail,0021701008,48,202685,Jonas Valanciunas,1610612761,Toronto Raptors,1,6,39,Made Shot,Cutting Layup Shot,2PT Field Goal,Restricted Area,Center(C),Less Than 8 ft.,2,2,20,1,1,20180313,BKN,TOR,263.5470053837925,20.535898384862247
79554,Shot Chart Detail,0021701008,60,202685,Jonas Valanciunas,1610612761,Toronto Raptors,1,5,50,Made Shot,Putback Layup Shot,2PT Field Goal,Restricted Area,Center(C),Less Than 8 ft.,2,9,19,1,1,20180313,BKN,TOR,269.9696551146029,21.411542731880104
79556,Shot Chart Detail,0021701008,62,202685,Jonas Valanciunas,1610612761,Toronto Raptors,1,5,35,Made Shot,Cutting Dunk Shot,2PT Field Goal,Restricted Area,Center(C),Less Than 8 ft.,0,2,6,1,1,20180313,BKN,TOR,255.46410161513776,6.535898384862246
79580,Shot Chart Detail,0021701008,238,202685,Jonas Valanciunas,1610612761,Toronto Raptors,2,4,23,Made Shot,Turnaround Jump Shot,2PT Field Goal,In The Paint (Non-RA),Center(C),Less Than 8 ft.,7,8,72,1,1,20180313,BKN,TOR,299.56921938165306,74.14359353944899
79585,Shot Chart Detail,0021701008,277,202685,Jonas Valanciunas,1610612761,Toronto Raptors,2,1,58,Made Shot,Driving Dunk Shot,2PT Field Goal,Restricted Area,Center(C),Less Than 8 ft.,1,6,19,1,1,20180313,BKN,TOR,266.9696551146029,20.607695154586736
79588,Shot Chart Detail,0021701008,299,202685,Jonas Valanciunas,1610612761,Toronto Raptors,2,0,5,Made Shot,Tip Layup Shot,2PT Field Goal,Restricted Area,Center(C),Less Than 8 ft.,0,0,-6,1,1,20180313,BKN,TOR,246.53589838486224,-6.0
79589,Shot Chart Detail,0021701008,310,202685,Jonas Valanciunas,1610612761,Toronto Raptors,3,11,42,Made Shot,Hook Shot,2PT Field Goal,In The Paint (Non-RA),Center(C),8-16 ft.,9,-22,97,1,1,20180313,BKN,TOR,284.0029761113937,91.1051177665153
79594,Shot Chart Detail,0021701008,347,202685,Jonas Valanciunas,1610612761,Toronto Raptors,3,7,59,Made Shot,Jump Shot,2PT Field Goal,In The Paint (Non-RA),Center(C),8-16 ft.,12,-13,127,1,1,20180313,BKN,TOR,310.3234841870825,123.51666049839541
79596,Shot Chart Detail,0021701008,357,202685,Jonas Valanciunas,1610612761,Toronto Raptors,3,6,50,Made Shot,Turnaround Hook Shot,2PT Field Goal,Restricted Area,Center(C),Less Than 8 ft.,1,8,7,1,1,20180313,BKN,TOR,262.0414518843274,9.143593539448982
79601,Shot Chart Detail,0021701008,393,202685,Jonas Valanciunas,1610612761,Toronto Raptors,3,3,59,Made Shot,Hook Shot,2PT Field Goal,In The Paint (Non-RA),Center(C),Less Than 8 ft.,7,-9,78,1,1,20180313,BKN,TOR,286.0333209967908,75.5884572681199
79618,Shot Chart Detail,0021701008,596,202685,Jonas Valanciunas,1610612761,Toronto Raptors,4,2,0,Made Shot,Cutting Dunk Shot,2PT Field Goal,Restricted Area,Center(C),Less Than 8 ft.,2,-8,22,1,1,20180313,BKN,TOR,254.70170592217175,19.856406460551018
80534,Shot Chart Detail,0021701020,9,202685,Jonas Valanciunas,1610612761,Toronto Raptors,1,11,36,Made Shot,Jump Shot,3PT Field Goal,Above the Break 3,Center(C),24+ ft.,26,39,261,1,1,20180315,IND,TOR,439.68842025849233,271.4500185048138
80535,Shot Chart Detail,0021701020,13,202685,Jonas Valanciunas,1610612761,Toronto Raptors,1,11,5,Made Shot,Hook Shot,2PT Field Goal,In The Paint (Non-RA),Center(C),Less Than 8 ft.,6,-43,42,1,1,20180315,IND,TOR,231.2487113059643,30.478184725461723
80570,Shot Chart Detail,0021701020,290,202685,Jonas Valanciunas,1610612761,Toronto Raptors,2,1,44,Made Shot,Cutting Dunk Shot,2PT Field Goal,Restricted Area,Center(C),Less Than 8 ft.,1,-3,19,1,1,20180315,IND,TOR,257.9696551146029,18.196152422706632
80580,Shot Chart Detail,0021701020,377,202685,Jonas Valanciunas,1610612761,Toronto Raptors,3,7,19,Made Shot,Putback Layup Shot,2PT Field Goal,Restricted Area,Center(C),Less Than 8 ft.,0,0,-6,1,1,20180315,IND,TOR,246.53589838486224,-6.0
80585,Shot Chart Detail,0021701020,424,202685,Jonas Valanciunas,1610612761,Toronto Raptors,3,3,45,Made Shot,Putback Layup Shot,2PT Field Goal,Restricted Area,Center(C),Less Than 8 ft.,0,0,-6,1,1,20180315,IND,TOR,246.53589838486224,-6.0
81401,Shot Chart Detail,0021701031,11,202685,Jonas Valanciunas,1610612761,Toronto Raptors,1,11,16,Made Shot,Jump Shot,2PT Field Goal,In The Paint (Non-RA),Center(C),8-16 ft.,13,23,136,1,1,20180316,TOR,DAL,351.51963660978913,142.1628314259158
81414,Shot Chart Detail,0021701031,74,202685,Jonas Valanciunas,1610612761,Toronto Raptors,1,4,27,Made Shot,Driving Layup Shot,2PT Field Goal,Restricted Area,Center(C),Less Than 8 ft.,2,20,6,1,1,20180316,TOR,DAL,273.46410161513774,11.358983848622454
81440,Shot Chart Detail,0021701031,247,202685,Jonas Valanciunas,1610612761,Toronto Raptors,2,3,52,Made Shot,Putback Layup Shot,2PT Field Goal,Restricted Area,Center(C),Less Than 8 ft.,0,0,-6,1,1,20180316,TOR,DAL,246.53589838486224,-6.0
81442,Shot Chart Detail,0021701031,260,202685,Jonas Valanciunas,1610612761,Toronto Raptors,2,3,5,Made Shot,Jump Shot,2PT Field Goal,Restricted Area,Center(C),Less Than 8 ft.,1,3,12,1,1,20180316,TOR,DAL,259.9282032302755,12.803847577293368
81447,Shot Chart Detail,0021701031,281,202685,Jonas Valanciunas,1610612761,Toronto Raptors,2,0,47,Made Shot,Dunk Shot,2PT Field Goal,Restricted Area,Center(C),Less Than 8 ft.,0,5,4,1,1,20180316,TOR,DAL,257.3094010767585,5.339745962155614
81452,Shot Chart Detail,0021701031,345,202685,Jonas Valanciunas,1610612761,Toronto Raptors,3,8,45,Made Shot,Driving Hook Shot,2PT Field Goal,In The Paint (Non-RA),Center(C),Less Than 8 ft.,4,-3,40,1,1,20180316,TOR,DAL,270.094010767585,39.19615242270663
81453,Shot Chart Detail,0021701031,351,202685,Jonas Valanciunas,1610612761,Toronto Raptors,3,8,12,Made Shot,Hook Bank Shot,2PT Field Goal,Restricted Area,Center(C),Less Than 8 ft.,3,32,8,1,1,20180316,TOR,DAL,286.618802153517,16.574374157795926
82594,Shot Chart Detail,0021701046,29,202685,Jonas Valanciunas,1610612761,Toronto Raptors,1,9,9,Made Shot,Turnaround Hook Shot,2PT Field Goal,In The Paint (Non-RA),Center(C),Less Than 8 ft.,5,-47,22,1,1,20180318,TOR,OKC,215.70170592217175,9.406387955737234
82601,Shot Chart Detail,0021701046,53,202685,Jonas Valanciunas,1610612761,Toronto Raptors,1,6,46,Made Shot,Tip Layup Shot,2PT Field Goal,Restricted Area,Center(C),Less Than 8 ft.,0,5,4,1,1,20180318,TOR,OKC,257.3094010767585,5.339745962155614
82609,Shot Chart Detail,0021701046,92,202685,Jonas Valanciunas,1610612761,Toronto Raptors,1,3,50,Made Shot,Cutting Finger Roll Layup Shot,2PT Field Goal,Restricted Area,Center(C),Less Than 8 ft.,3,4,31,1,1,20180318,TOR,OKC,271.8978583448784,32.07179676972449
82639,Shot Chart Detail,0021701046,343,202685,Jonas Valanciunas,1610612761,Toronto Raptors,3,11,37,Made Shot,Driving Bank Hook Shot,2PT Field Goal,In The Paint (Non-RA),Center(C),Less Than 8 ft.,4,43,15,1,1,20180318,TOR,OKC,301.66025403784437,26.521815274538277
82647,Shot Chart Detail,0021701046,390,202685,Jonas Valanciunas,1610612761,Toronto Raptors,3,7,16,Made Shot,Layup Shot,2PT Field Goal,Restricted Area,Center(C),Less Than 8 ft.,0,-9,-2,1,1,20180318,TOR,OKC,239.84529946162075,-4.411542731880104
83577,Shot Chart Detail,0021701058,7,202685,Jonas Valanciunas,1610612761,Toronto Raptors,1,11,40,Made Shot,Pullup Jump shot,2PT Field Goal,In The Paint (Non-RA),Center(C),8-16 ft.,12,-8,128,1,1,20180320,ORL,TOR,315.9008344562721,125.85640646055101
83578,Shot Chart Detail,0021701058,18,202685,Jonas Valanciunas,1610612761,Toronto Raptors,1,10,33,Made Shot,Driving Dunk Shot,2PT Field Goal,Restricted Area,Center(C),Less Than 8 ft.,2,9,18,1,1,20180320,ORL,TOR,269.39230484541326,20.411542731880104
83581,Shot Chart Detail,0021701058,26,202685,Jonas Valanciunas,1610612761,Toronto Raptors,1,9,34,Made Shot,Driving Hook Shot,2PT Field Goal,In The Paint (Non-RA),Center(C),Less Than 8 ft.,7,-49,59,1,1,20180320,ORL,TOR,235.06366588218793,45.87048957087499
83587,Shot Chart Detail,0021701058,61,202685,Jonas Valanciunas,1610612761,Toronto Raptors,1,6,12,Made Shot,Hook Shot,2PT Field Goal,In The Paint (Non-RA),Center(C),Less Than 8 ft.,5,-1,59,1,1,20180320,ORL,TOR,283.06366588218793,58.732050807568875
84129,Shot Chart Detail,0021701065,34,202685,Jonas Valanciunas,1610612761,Toronto Raptors,1,9,8,Made Shot,Jump Shot,3PT Field Goal,Left Corner 3,Left Side(L),24+ ft.,23,-234,-11,1,1,20180321,CLE,TOR,9.649147038914117,-73.7001110288827
84131,Shot Chart Detail,0021701065,38,202685,Jonas Valanciunas,1610612761,Toronto Raptors,1,8,31,Made Shot,Turnaround Hook Shot,2PT Field Goal,In The Paint (Non-RA),Center(C),Less Than 8 ft.,6,-2,64,1,1,20180321,CLE,TOR,284.9504172281361,63.46410161513776
84136,Shot Chart Detail,0021701065,48,202685,Jonas Valanciunas,1610612761,Toronto Raptors,1,7,11,Made Shot,Driving Layup Shot,2PT Field Goal,Restricted Area,Center(C),Less Than 8 ft.,0,7,-1,1,1,20180321,CLE,TOR,256.42264973081035,0.8756443470178588
84143,Shot Chart Detail,0021701065,74,202685,Jonas Valanciunas,1610612761,Toronto Raptors,1,4,50,Made Shot,Cutting Finger Roll Layup Shot,2PT Field Goal,Restricted Area,Center(C),Less Than 8 ft.,1,8,17,1,1,20180321,CLE,TOR,267.8149545762236,19.143593539448982
84170,Shot Chart Detail,0021701065,258,202685,Jonas Valanciunas,1610612761,Toronto Raptors,2,2,51,Made Shot,Cutting Dunk Shot,2PT Field Goal,Restricted Area,Center(C),Less Than 8 ft.,1,5,11,1,1,20180321,CLE,TOR,261.3508529610859,12.339745962155614
84175,Shot Chart Detail,0021701065,275,202685,Jonas Valanciunas,1610612761,Toronto Raptors,2,1,17,Made Shot,Alley Oop Dunk Shot,2PT Field Goal,Restricted Area,Center(C),Less Than 8 ft.,2,23,14,1,1,20180321,CLE,TOR,281.0829037686548,20.162831425915822
85537,Shot Chart Detail,0021701082,24,202685,Jonas Valanciunas,1610612761,Toronto Raptors,1,10,11,Made Shot,Jump Shot,2PT Field Goal,Restricted Area,Center(C),Less Than 8 ft.,3,-11,30,1,1,20180323,TOR,BKN,256.3205080756888,27.05255888325765
85542,Shot Chart Detail,0021701082,53,202685,Jonas Valanciunas,1610612761,Toronto Raptors,1,6,41,Made Shot,Turnaround Hook Shot,2PT Field Goal,In The Paint (Non-RA),Center(C),Less Than 8 ft.,5,39,42,1,1,20180323,TOR,BKN,313.24871130596426,52.450018504813784
85545,Shot Chart Detail,0021701082,71,202685,Jonas Valanciunas,1610612761,Toronto Raptors,1,5,50,Made Shot,Jump Shot,3PT Field Goal,Above the Break 3,Center(C),24+ ft.,25,-3,253,1,1,20180323,TOR,BKN,393.06961810497535,252.19615242270663
85546,Shot Chart Detail,0021701082,77,202685,Jonas Valanciunas,1610612761,Toronto Raptors,1,5,20,Made Shot,Tip Layup Shot,2PT Field Goal,Restricted Area,Center(C),Less Than 8 ft.,0,0,-6,1,1,20180323,TOR,BKN,246.53589838486224,-6.0
85575,Shot Chart Detail,0021701082,279,202685,Jonas Valanciunas,1610612761,Toronto Raptors,2,1,47,Made Shot,Driving Bank Hook Shot,2PT Field Goal,In The Paint (Non-RA),Center(C),Less Than 8 ft.,4,41,17,1,1,20180323,TOR,BKN,300.8149545762236,27.98591688967603
85581,Shot Chart Detail,0021701082,332,202685,Jonas Valanciunas,1610612761,Toronto Raptors,3,10,56,Made Shot,Hook Shot,2PT Field Goal,Restricted Area,Center(C),Less Than 8 ft.,3,-13,34,1,1,20180323,TOR,BKN,256.6299091524473,30.516660498395403
85583,Shot Chart Detail,0021701082,337,202685,Jonas Valanciunas,1610612761,Toronto Raptors,3,10,20,Made Shot,Hook Shot,2PT Field Goal,Restricted Area,Center(C),Less Than 8 ft.,2,-9,28,1,1,20180323,TOR,BKN,257.16580753730955,25.588457268119896
85611,Shot Chart Detail,0021701082,628,202685,Jonas Valanciunas,1610612761,Toronto Raptors,4,0,37,Made Shot,Hook Bank Shot,2PT Field Goal,Restricted Area,Center(C),Less Than 8 ft.,3,29,8,1,1,20180323,TOR,BKN,283.618802153517,15.770526580502558
86715,Shot Chart Detail,0021701097,13,202685,Jonas Valanciunas,1610612761,Toronto Raptors,1,11,7,Made Shot,Tip Layup Shot,2PT Field Goal,Restricted Area,Center(C),Less Than 8 ft.,0,0,-6,1,1,20180325,TOR,LAC,246.53589838486224,-6.0
86716,Shot Chart Detail,0021701097,17,202685,Jonas Valanciunas,1610612761,Toronto Raptors,1,10,44,Made Shot,Jump Shot,3PT Field Goal,Above the Break 3,Center(C),24+ ft.,25,-6,259,1,1,20180325,TOR,LAC,393.533719720113,257.39230484541326
86718,Shot Chart Detail,0021701097,19,202685,Jonas Valanciunas,1610612761,Toronto Raptors,1,10,12,Made Shot,Turnaround Bank Hook Shot,2PT Field Goal,Restricted Area,Center(C),Less Than 8 ft.,2,-24,17,1,1,20180325,TOR,LAC,235.81495457622364,10.569219381653056
86721,Shot Chart Detail,0021701097,32,202685,Jonas Valanciunas,1610612761,Toronto Raptors,1,9,23,Made Shot,Fadeaway Jump Shot,2PT Field Goal,In The Paint (Non-RA),Center(C),Less Than 8 ft.,7,-2,73,1,1,20180325,TOR,LAC,290.1465696508427,72.46410161513775
86722,Shot Chart Detail,0021701097,38,202685,Jonas Valanciunas,1610612761,Toronto Raptors,1,8,59,Made Shot,Jump Shot,2PT Field Goal,Mid-Range,Right Side(R),8-16 ft.,10,100,-8,1,1,20180325,TOR,LAC,345.381197846483,18.79491924311227
86757,Shot Chart Detail,0021701097,357,202685,Jonas Valanciunas,1610612761,Toronto Raptors,3,10,49,Made Shot,Turnaround Hook Shot,2PT Field Goal,In The Paint (Non-RA),Center(C),Less Than 8 ft.,5,33,45,1,1,20180325,TOR,LAC,308.98076211353316,53.84232335022705
86792,Shot Chart Detail,0021701097,608,202685,Jonas Valanciunas,1610612761,Toronto Raptors,4,3,24,Made Shot,Putback Layup Shot,2PT Field Goal,Restricted Area,Center(C),Less Than 8 ft.,0,0,-6,1,1,20180325,TOR,LAC,246.53589838486224,-6.0
87703,Shot Chart Detail,0021701109,31,202685,Jonas Valanciunas,1610612761,Toronto Raptors,1,9,30,Made Shot,Cutting Dunk Shot,2PT Field Goal,Restricted Area,Center(C),Less Than 8 ft.,1,-3,13,1,1,20180327,TOR,DEN,254.50555349946512,12.196152422706632
87731,Shot Chart Detail,0021701109,253,202685,Jonas Valanciunas,1610612761,Toronto Raptors,2,5,28,Made Shot,Layup Shot,2PT Field Goal,Restricted Area,Center(C),Less Than 8 ft.,2,15,15,1,1,20180327,TOR,DEN,273.66025403784437,19.01923788646684
87732,Shot Chart Detail,0021701109,268,202685,Jonas Valanciunas,1610612761,Toronto Raptors,2,4,56,Made Shot,Driving Finger Roll Layup Shot,2PT Field Goal,Restricted Area,Center(C),Less Than 8 ft.,2,-2,26,1,1,20180327,TOR,DEN,263.01110699893025,25.464101615137753
87734,Shot Chart Detail,0021701109,272,202685,Jonas Valanciunas,1610612761,Toronto Raptors,2,4,23,Made Shot,Reverse Layup Shot,2PT Field Goal,Restricted Area,Center(C),Less Than 8 ft.,1,-12,11,1,1,20180327,TOR,DEN,244.35085296108588,7.784609690826528
87746,Shot Chart Detail,0021701109,329,202685,Jonas Valanciunas,1610612761,Toronto Raptors,3,10,33,Made Shot,Cutting Layup Shot,2PT Field Goal,Restricted Area,Center(C),Less Than 8 ft.,1,17,6,1,1,20180327,TOR,DEN,270.46410161513774,10.555136271329086
87752,Shot Chart Detail,0021701109,391,202685,Jonas Valanciunas,1610612761,Toronto Raptors,3,5,48,Made Shot,Tip Layup Shot,2PT Field Goal,Restricted Area,Center(C),Less Than 8 ft.,0,0,-6,1,1,20180327,TOR,DEN,246.53589838486224,-6.0
90146,Shot Chart Detail,0021701140,11,202685,Jonas Valanciunas,1610612761,Toronto Raptors,1,11,1,Made Shot,Driving Layup Shot,2PT Field Goal,Restricted Area,Center(C),Less Than 8 ft.,2,-21,20,1,1,20180331,BOS,TOR,240.5470053837925,14.373066958946424
90158,Shot Chart Detail,0021701140,54,202685,Jonas Valanciunas,1610612761,Toronto Raptors,1,6,32,Made Shot,Putback Layup Shot,2PT Field Goal,Restricted Area,Center(C),Less Than 8 ft.,1,-5,16,1,1,20180331,BOS,TOR,254.23760430703402,14.660254037844386
90159,Shot Chart Detail,0021701140,66,202685,Jonas Valanciunas,1610612761,Toronto Raptors,1,5,57,Made Shot,Cutting Layup Shot,2PT Field Goal,Restricted Area,Center(C),Less Than 8 ft.,2,-16,21,1,1,20180331,BOS,TOR,246.12435565298213,16.712812921102035
90180,Shot Chart Detail,0021701140,211,202685,Jonas Valanciunas,1610612761,Toronto Raptors,2,5,58,Made Shot,Driving Hook Shot,2PT Field Goal,Restricted Area,Center(C),Less Than 8 ft.,3,5,38,1,1,20180331,BOS,TOR,276.9393102292058,39.33974596215561
90184,Shot Chart Detail,0021701140,274,202685,Jonas Valanciunas,1610612761,Toronto Raptors,2,2,1,Made Shot,Cutting Dunk Shot,2PT Field Goal,Restricted Area,Center(C),Less Than 8 ft.,2,0,27,1,1,20180331,BOS,TOR,265.5884572681199,27.0
90194,Shot Chart Detail,0021701140,340,202685,Jonas Valanciunas,1610612761,Toronto Raptors,3,8,57,Made Shot,Cutting Dunk Shot,2PT Field Goal,Restricted Area,Center(C),Less Than 8 ft.,2,20,-4,1,1,20180331,BOS,TOR,267.6905989232415,1.3589838486224544
91390,Shot Chart Detail,0021701156,7,202685,Jonas Valanciunas,1610612761,Toronto Raptors,1,11,41,Made Shot,Layup Shot,2PT Field Goal,Restricted Area,Center(C),Less Than 8 ft.,2,8,24,1,1,20180403,CLE,TOR,271.856406460551,26.143593539448982
91392,Shot Chart Detail,0021701156,20,202685,Jonas Valanciunas,1610612761,Toronto Raptors,1,10,22,Made Shot,Turnaround Hook Shot,2PT Field Goal,In The Paint (Non-RA),Right Side(R),8-16 ft.,13,76,106,1,1,20180403,CLE,TOR,387.19912853410034,126.36413862476533
91395,Shot Chart Detail,0021701156,32,202685,Jonas Valanciunas,1610612761,Toronto Raptors,1,8,42,Made Shot,Turnaround Jump Shot,2PT Field Goal,In The Paint (Non-RA),Center(C),Less Than 8 ft.,7,35,62,1,1,20180403,CLE,TOR,320.7957166897568,71.3782217350893
91398,Shot Chart Detail,0021701156,47,202685,Jonas Valanciunas,1610612761,Toronto Raptors,1,7,25,Made Shot,Jump Shot,2PT Field Goal,In The Paint (Non-RA),Right Side(R),8-16 ft.,13,70,115,1,1,20180403,CLE,TOR,386.39528095680697,133.7564434701786
91428,Shot Chart Detail,0021701156,275,202685,Jonas Valanciunas,1610612761,Toronto Raptors,2,1,30,Made Shot,Tip Layup Shot,2PT Field Goal,Restricted Area,Center(C),Less Than 8 ft.,0,0,-6,1,1,20180403,CLE,TOR,246.53589838486224,-6.0
91434,Shot Chart Detail,0021701156,311,202685,Jonas Valanciunas,1610612761,Toronto Raptors,3,10,23,Made Shot,Cutting Dunk Shot,2PT Field Goal,Restricted Area,Center(C),Less Than 8 ft.,1,-16,1,1,1,20180403,CLE,TOR,234.57735026918962,-3.287187078897963
91440,Shot Chart Detail,0021701156,348,202685,Jonas Valanciunas,1610612761,Toronto Raptors,3,6,45,Made Shot,Cutting Layup Shot,2PT Field Goal,Restricted Area,Center(C),Less Than 8 ft.,0,-7,4,1,1,20180403,CLE,TOR,245.3094010767585,2.1243556529821412
91441,Shot Chart Detail,0021701156,357,202685,Jonas Valanciunas,1610612761,Toronto Raptors,3,6,14,Made Shot,Turnaround Hook Shot,2PT Field Goal,In The Paint (Non-RA),Center(C),Less Than 8 ft.,5,0,57,1,1,20180403,CLE,TOR,282.9089653438087,57.0
92570,Shot Chart Detail,0021701171,13,202685,Jonas Valanciunas,1610612761,Toronto Raptors,1,11,0,Made Shot,Driving Bank Hook Shot,2PT Field Goal,In The Paint (Non-RA),Center(C),Less Than 8 ft.,6,55,29,1,1,20180404,TOR,BOS,321.74315780649914,43.73720558371175
92576,Shot Chart Detail,0021701171,66,202685,Jonas Valanciunas,1610612761,Toronto Raptors,1,6,20,Made Shot,Turnaround Fadeaway shot,2PT Field Goal,In The Paint (Non-RA),Center(C),Less Than 8 ft.,7,14,78,1,1,20180404,TOR,BOS,309.0333209967908,81.75128869403572
93879,Shot Chart Detail,0021701187,48,202685,Jonas Valanciunas,1610612761,Toronto Raptors,1,8,12,Made Shot,Floating Jump shot,2PT Field Goal,In The Paint (Non-RA),Center(C),Less Than 8 ft.,4,5,47,1,1,20180406,TOR,IND,282.1354626519124,48.33974596215561
93901,Shot Chart Detail,0021701187,280,202685,Jonas Valanciunas,1610612761,Toronto Raptors,2,3,32,Made Shot,Cutting Finger Roll Layup Shot,2PT Field Goal,Restricted Area,Center(C),Less Than 8 ft.,1,-2,15,1,1,20180406,TOR,IND,256.66025403784437,14.464101615137755
93912,Shot Chart Detail,0021701187,363,202685,Jonas Valanciunas,1610612761,Toronto Raptors,3,7,33,Made Shot,Turnaround Bank Hook Shot,2PT Field Goal,Restricted Area,Center(C),Less Than 8 ft.,1,-13,9,1,1,20180406,TOR,IND,242.19615242270663,5.516660498395405
95287,Shot Chart Detail,0021701204,28,202685,Jonas Valanciunas,1610612761,Toronto Raptors,1,9,41,Made Shot,Driving Layup Shot,2PT Field Goal,Restricted Area,Center(C),Less Than 8 ft.,2,-25,10,1,1,20180409,DET,TOR,230.77350269189625,3.301270189221933
95288,Shot Chart Detail,0021701204,31,202685,Jonas Valanciunas,1610612761,Toronto Raptors,1,9,2,Made Shot,Jump Shot,3PT Field Goal,Above the Break 3,Left Side Center(LC),24+ ft.,25,-189,167,1,1,20180409,DET,TOR,157.41749495466752,116.35760263051782
95294,Shot Chart Detail,0021701204,46,202685,Jonas Valanciunas,1610612761,Toronto Raptors,1,7,25,Made Shot,Tip Layup Shot,2PT Field Goal,Restricted Area,Center(C),Less Than 8 ft.,0,0,-6,1,1,20180409,DET,TOR,246.53589838486224,-6.0
95299,Shot Chart Detail,0021701204,79,202685,Jonas Valanciunas,1610612761,Toronto Raptors,1,4,27,Made Shot,Layup Shot,2PT Field Goal,Restricted Area,Center(C),Less Than 8 ft.,1,-13,10,1,1,20180409,DET,TOR,242.77350269189625,6.516660498395405
95319,Shot Chart Detail,0021701204,204,202685,Jonas Valanciunas,1610612761,Toronto Raptors,2,6,9,Made Shot,Tip Layup Shot,2PT Field Goal,Restricted Area,Center(C),Less Than 8 ft.,0,0,-6,1,1,20180409,DET,TOR,246.53589838486224,-6.0
95326,Shot Chart Detail,0021701204,245,202685,Jonas Valanciunas,1610612761,Toronto Raptors,2,2,46,Made Shot,Dunk Shot,2PT Field Goal,Restricted Area,Center(C),Less Than 8 ft.,0,-2,8,1,1,20180409,DET,TOR,252.618802153517,7.464101615137754
95329,Shot Chart Detail,0021701204,263,202685,Jonas Valanciunas,1610612761,Toronto Raptors,2,0,51,Made Shot,Hook Shot,2PT Field Goal,In The Paint (Non-RA),Center(C),8-16 ft.,9,44,79,1,1,20180409,DET,TOR,339.61067126598044,90.7897644669694
95331,Shot Chart Detail,0021701204,282,202685,Jonas Valanciunas,1610612761,Toronto Raptors,3,11,27,Made Shot,Jump Shot,2PT Field Goal,Mid-Range,Left Side Center(LC),16-24 ft.,17,-79,151,1,1,20180409,DET,TOR,258.1798906476335,129.8320137979413
95333,Shot Chart Detail,0021701204,293,202685,Jonas Valanciunas,1610612761,Toronto Raptors,3,10,24,Made Shot,Turnaround Hook Shot,2PT Field Goal,In The Paint (Non-RA),Center(C),Less Than 8 ft.,6,-32,59,1,1,20180409,DET,TOR,252.06366588218793,50.42562584220407
95334,Shot Chart Detail,0021701204,304,202685,Jonas Valanciunas,1610612761,Toronto Raptors,3,9,22,Made Shot,Dunk Shot,2PT Field Goal,Restricted Area,Center(C),Less Than 8 ft.,1,-8,8,1,1,20180409,DET,TOR,246.618802153517,5.856406460551018
95342,Shot Chart Detail,0021701204,355,202685,Jonas Valanciunas,1610612761,Toronto Raptors,3,4,37,Made Shot,Hook Shot,2PT Field Goal,Restricted Area,Center(C),Less Than 8 ft.,2,18,21,1,1,20180409,DET,TOR,280.12435565298216,25.823085463760208
96628,Shot Chart Detail,0021701221,36,202685,Jonas Valanciunas,1610612761,Toronto Raptors,1,9,6,Made Shot,Driving Dunk Shot,2PT Field Goal,Restricted Area,Center(C),Less Than 8 ft.,1,-9,10,1,1,20180411,MIA,TOR,246.77350269189625,7.588457268119896
96636,Shot Chart Detail,0021701221,88,202685,Jonas Valanciunas,1610612761,Toronto Raptors,1,4,26,Made Shot,Cutting Layup Shot,2PT Field Goal,Restricted Area,Center(C),Less Than 8 ft.,1,-12,12,1,1,20180411,MIA,TOR,244.9282032302755,8.784609690826528
96658,Shot Chart Detail,0021701221,254,202685,Jonas Valanciunas,1610612761,Toronto Raptors,2,3,52,Made Shot,Jump Shot,2PT Field Goal,Mid-Range,Right Side(R),16-24 ft.,16,162,-4,1,1,20180411,MIA,TOR,409.6905989232415,39.40776917384188
96674,Shot Chart Detail,0021701221,410,202685,Jonas Valanciunas,1610612761,Toronto Raptors,3,4,28,Made Shot,Cutting Layup Shot,2PT Field Goal,Restricted Area,Center(C),Less Than 8 ft.,1,16,11,1,1,20180411,MIA,TOR,272.3508529610859,15.287187078897963
96678,Shot Chart Detail,0021701221,427,202685,Jonas Valanciunas,1610612761,Toronto Raptors,3,3,9,Made Shot,Floating Jump shot,2PT Field Goal,In The Paint (Non-RA),Center(C),8-16 ft.,10,36,100,1,1,20180411,MIA,TOR,343.7350269189626,109.64617092752042
